Date,Open,High,Low,Close,AdjClose,Volume
15-01-2018,73.55127,75.552017,73.455994,74.646912,30.289633,43786108
16-01-2018,74.575462,74.575462,72.417511,72.955811,29.603432,29298001
17-01-2018,73.170174,74.118149,72.122162,73.741814,29.922371,31364071
18-01-2018,73.83709,74.299164,71.093208,71.621979,29.062199,48458449
19-01-2018,71.693436,72.598534,70.740692,71.741066,29.110523,33776091
22-01-2018,71.645798,72.065002,71.202774,71.664848,29.079594,37845999
23-01-2018,71.645798,74.989899,71.645798,74.289642,30.144665,84355326
24-01-2018,74.361092,74.370621,72.136452,72.608063,29.462328,51799508
25-01-2018,72.884354,73.656067,72.241257,73.279739,29.734873,88142731
29-01-2018,73.455994,75.437691,73.375015,74.613571,30.276102,68308614
30-01-2018,74.370621,74.685028,73.479813,73.918076,29.993887,63179831
31-01-2018,73.550003,74.790001,70.169998,70.504997,28.608959,129589020
01-02-2018,70.800003,71.275002,68.160004,69.675003,28.272171,74039310
02-02-2018,69.199997,69.300003,66.605003,67.044998,27.204988,65009260
05-02-2018,66.099998,67.449997,65.050003,66.404999,26.945295,46987220
06-02-2018,64.099998,67.900002,63.255001,66.449997,26.963552,67045570
07-02-2018,66.800003,68.220001,65.699997,66.18,26.853996,67895210
08-02-2018,66.004997,67.699997,65.400002,67.144997,27.245567,58455900
09-02-2018,66.370003,69,66.014999,68.529999,27.80756,91402880
12-02-2018,71.599998,71.690002,69.739998,71.309998,28.935606,120363070
14-02-2018,71.93,72.050003,70.455002,70.800003,28.728662,48859510
15-02-2018,71.135002,71.915001,69.724998,70.055,28.426363,51312450
16-02-2018,70.800003,70.949997,68.360001,68.974998,27.988127,50127600
19-02-2018,69.339996,69.339996,63.900002,64.885002,26.328522,176587080
20-02-2018,65.480003,66.150002,64.815002,65.129997,26.427937,102144780
21-02-2018,65.489998,65.555,63.299999,64.095001,26.007963,103075390
22-02-2018,64.035004,64.779999,63.285,63.755001,25.869999,89506310
23-02-2018,64.084999,68.639999,63.900002,67.775002,27.501204,218662140
26-02-2018,68,69.264999,67.32,68.019997,27.600615,91997750
27-02-2018,68.139999,68.690002,66.919998,67.175003,27.25774,68053760
28-02-2018,66.385002,67.5,66,67.160004,27.251656,71126500
01-03-2018,67.135002,68.5,67.004997,67.504997,27.391644,71283990
05-03-2018,66.925003,66.93,65.18,65.589996,26.61459,97854660
06-03-2018,66.485001,67.400002,65.654999,65.974998,26.770813,84149600
07-03-2018,65.699997,66.139999,64.464996,64.769997,26.281857,51305770
08-03-2018,65.690002,66.095001,63.27,63.59,25.803047,71261050
09-03-2018,64.004997,64.675003,60.150002,60.674999,24.620222,180963670
12-03-2018,61.445,62.639999,60.639999,62.290001,25.275543,121935810
13-03-2018,62.299999,63.32,61.435001,62.884998,25.516977,104904050
14-03-2018,62.400002,63.09,61.860001,62.055,25.180185,86551810
15-03-2018,62,62.259998,60.959999,61.174999,24.823107,75109510
16-03-2018,61.174999,61.389999,59.439999,60.02,24.354441,117395820
19-03-2018,60,60.189999,57.285,57.494999,23.329866,125423170
20-03-2018,57.099998,60.09,56.845001,59.299999,24.062283,176450350
21-03-2018,59.895,60.169998,58.049999,58.224998,23.626078,119394510
22-03-2018,58.27,58.744999,57.200001,58.09,23.571302,114862450
23-03-2018,56.005001,56.880001,55.349998,56.650002,22.986988,141335500
26-03-2018,56.889999,58.834999,56.080002,58.154999,23.597675,109299980
27-03-2018,59.044998,59.900002,58.755001,59,23.940554,100381680
28-03-2018,58.105,58.299999,56.529999,57.105,23.171614,186550570
02-04-2018,57.310001,58.029999,56.810001,57.880001,23.48609,68893450
03-04-2018,57.02,58.544998,56.834999,57.970001,23.522608,105083170
04-04-2018,58.310001,59.049999,55.755001,56.055,22.745556,139098930
05-04-2018,57.384998,58.360001,56.950001,58.044998,23.55304,132621680
06-04-2018,57.485001,58.990002,57.299999,58.720001,23.826937,85202010
09-04-2018,58.950001,59.575001,58.34,58.615002,23.78433,94892210
10-04-2018,59.299999,60.459999,59.23,60.189999,24.423422,108507100
11-04-2018,60.799999,61.09,60.035,60.805,24.672972,87247160
12-04-2018,60.689999,60.875,59.669998,59.84,24.281401,66284990
13-04-2018,60,60.470001,59.040001,59.404999,24.104893,67161460
16-04-2018,59.099998,59.68,58.514999,59.16,24.005476,51458130
17-04-2018,59.5,60.459999,59.195,59.605,24.186047,64003780
18-04-2018,60.095001,60.490002,59.459999,60.16,24.411249,42591350
19-04-2018,60.605,62.450001,60.605,62.195,25.236996,108170080
20-04-2018,61.895,61.895,60.259998,60.619999,24.597902,63462740
23-04-2018,60.830002,61.099998,60.009998,60.66,24.614134,45911610
24-04-2018,59.445,60.18,58.939999,59.755001,24.246912,59530460
25-04-2018,59.799999,59.849998,58.43,58.619999,23.786358,41224430
26-04-2018,58.799999,59.154999,57.669998,57.82,23.461742,74630620
27-04-2018,58.294998,59.474998,58.125,58.98,23.932434,47174050
30-04-2018,59.165001,59.990002,58.599998,59.494999,24.141407,36587540
02-05-2018,59.709999,59.740002,57.294998,57.450001,23.311607,42410680
03-05-2018,57.400002,58.740002,56.810001,58.544998,23.755926,67789040
04-05-2018,58.669998,58.98,57.924999,58.075001,23.565214,38816320
07-05-2018,58.595001,59.794998,58.099998,59.645,24.202274,45535090
08-05-2018,60,60.419998,59.049999,59.634998,24.198217,41259580
09-05-2018,59.34,60.884998,59.255001,60.314999,24.474142,62382110
10-05-2018,60.389999,60.68,59.115002,59.415001,24.108952,40012690
11-05-2018,59.700001,61.055,59.119999,60.724998,24.640511,61555370
14-05-2018,60.82,61.494999,60.23,61.035,24.7663,51731390
15-05-2018,60.900002,63.68,60.549999,62.595001,25.399305,128184360
16-05-2018,62.599998,63.25,61.695,62.125,25.208591,84263010
17-05-2018,62.994999,63.080002,60.215,61.029999,24.764267,160373410
18-05-2018,61.5,61.669998,59.035,59.139999,23.99736,82166290
21-05-2018,59.25,60.075001,57.474998,57.700001,23.41305,71622330
22-05-2018,57.810001,58.349998,56.950001,57.68,23.404934,60966460
23-05-2018,57.599998,57.599998,53.740002,54.005001,21.913725,171483860
24-05-2018,54.389999,55.389999,53.654999,54.82,22.244425,87008220
25-05-2018,55.400002,57.080002,55.200001,56.825001,23.057999,88956190
28-05-2018,57.099998,57.945,56.509998,57.665001,23.398849,52356670
29-05-2018,57.494999,58.799999,56.935001,57.535,23.346098,64779110
30-05-2018,56.805,58.150002,56.755001,57.790001,23.44957,62018880
31-05-2018,58.400002,58.73,57.205002,57.564999,23.358273,66525100
01-06-2018,57,57.959999,55.630001,56.064999,22.749613,92496660
04-06-2018,56.404999,57.25,56.029999,56.615002,22.972786,87425270
05-06-2018,56.68,57.490002,56.060001,57.209999,23.21422,46882040
06-06-2018,57.445,58.169998,56.919998,57.974998,23.524635,44453050
07-06-2018,58.209999,60.389999,58.189999,60.209999,24.431538,92793530
08-06-2018,59.900002,60.82,59.200001,60.049999,24.366613,83860780
11-06-2018,60.105,60.549999,58.625,58.865002,23.885775,51511010
12-06-2018,58.695,58.875,57.720001,58,23.534781,85889350
13-06-2018,57.959999,58.380001,56.599998,56.759998,23.031624,90600320
14-06-2018,56.700001,57.48,56.099998,56.955002,23.11075,74825140
15-06-2018,57.119999,57.48,56.200001,56.599998,22.966698,62087640
18-06-2018,56.299999,56.345001,54.73,55.849998,22.662371,105669650
19-06-2018,55.799999,56.560001,54.945,55.5,22.520351,94521900
20-06-2018,55.625,56.59,55.330002,56.325001,22.855112,66107030
21-06-2018,56.895,56.895,55.610001,55.775002,22.631941,84651980
22-06-2018,56.040001,56.459999,55.610001,56.185001,22.798306,62478450
25-06-2018,55.98,56.48,55.634998,55.860001,22.66643,38992610
26-06-2018,55.834999,55.990002,53.825001,54.950001,22.297176,102075820
27-06-2018,55.169998,55.25,53.91,54.32,22.041542,56541500
28-06-2018,54.5,55.650002,54.400002,54.845001,22.25457,86559780
29-06-2018,55.195,56.98,55.105,56.775002,23.03771,94773840
02-07-2018,57.595001,58.650002,55.625,56.049999,22.743525,157630480
03-07-2018,56.195,57.240002,55.345001,56.599998,22.966698,112361770
04-07-2018,56.740002,57.34,55.955002,57.110001,23.173643,68629470
05-07-2018,56.5,56.5,55.200001,55.330002,22.851501,60136530
06-07-2018,55,56.424999,54.634998,55.349998,22.859762,66147830
09-07-2018,56.369999,56.575001,55.474998,55.560001,22.946491,74437510
10-07-2018,55.900002,57.099998,55.689999,56.865002,23.485462,100049050
11-07-2018,56.57,56.57,55.415001,55.57,22.950619,61112450
12-07-2018,56,56.790001,55.314999,55.52,22.929972,84439880
13-07-2018,55.935001,56.200001,55.299999,55.860001,23.070393,55791290
16-07-2018,55.970001,55.990002,51.705002,51.924999,21.445223,111598850
17-07-2018,52.200001,53.57,51.299999,53.235001,21.986259,107927060
18-07-2018,53.599998,53.695,50.099998,50.424999,20.825718,164512090
19-07-2018,50.799999,51.34,49.299999,49.865002,20.594437,168086510
20-07-2018,49.900002,50.575001,49.5,50.32,20.782351,72614090
23-07-2018,50.599998,51.950001,49.830002,51.689999,21.348166,68781340
24-07-2018,51.599998,52.959999,51.599998,52.740002,21.781822,83983690
25-07-2018,53.099998,53.799999,52.900002,53.599998,22.137003,67826380
26-07-2018,53.695,53.994999,53.134998,53.485001,22.08951,74811910
27-07-2018,53.799999,55.355,53.630001,55.02,22.723471,64628850
30-07-2018,54.945,55.849998,54.735001,55.299999,22.839109,47877070
31-07-2018,55.195,56.490002,54.355,56.305,23.254179,63739660
01-08-2018,56.285,56.759998,55.130001,55.580002,22.954752,60679920
02-08-2018,55.27,56.09,54.060001,55.43,22.892801,94930990
03-08-2018,55.639999,56,55.064999,55.445,22.898996,55706900
06-08-2018,55.900002,56.490002,55.125,55.325001,22.849436,55438810
07-08-2018,55.735001,57.669998,55.365002,57.314999,23.671312,92858540
08-08-2018,57.825001,58.375,57.355,57.75,23.850969,90084310
09-08-2018,58,58.77,57.580002,58.595001,24.199961,57576870
10-08-2018,58.595001,58.599998,57.27,57.669998,23.81793,57254930
13-08-2018,57.494999,58.215,56.599998,56.880001,23.491657,78568310
14-08-2018,58.700001,58.700001,56.255001,57.895,23.910856,240305600
16-08-2018,57,57.669998,56.325001,56.755001,23.440031,79071710
17-08-2018,57.195,58.52,57.18,58.014999,23.960417,87432140
20-08-2018,58.299999,60.18,58.290001,59.939999,24.755447,116623180
21-08-2018,60.224998,60.244999,58.055,58.215,24.043018,108737070
23-08-2018,58.490002,58.490002,57.014999,57.165001,23.609362,66768300
24-08-2018,57.035,57.935001,56.825001,57.560001,23.772499,60602690
27-08-2018,58.189999,58.700001,57.900002,58.119999,24.003778,53919460
28-08-2018,58.25,59.389999,57.810001,59.035,24.38168,90212970
29-08-2018,59.029999,60.185001,58.555,59.419998,24.540688,98855320
30-08-2018,59.23,61,59.105,60.834999,25.125086,102836570
31-08-2018,60.82,61.450001,59.91,60.049999,24.800879,86333540
03-09-2018,60.299999,60.994999,59.799999,60.075001,24.811205,54791330
04-09-2018,60.09,60.450001,59.060001,59.305,24.493189,60995720
05-09-2018,59,59.700001,58.119999,59.439999,24.548948,57911570
06-09-2018,59.799999,60.779999,59.450001,60.029999,24.792618,66897160
07-09-2018,60.23,62.200001,59.705002,61.915001,25.571131,94458360
10-09-2018,61.994999,62.5,61.125,61.365002,25.343979,62842580
11-09-2018,61.535,61.700001,58.834999,59.209999,24.453955,81111720
12-09-2018,59.25,60.720001,58.310001,60.555,25.009445,85663840
14-09-2018,61.16,62.049999,61,61.5,25.399736,79755590
17-09-2018,61,62.439999,60.555,61.639999,25.457556,71838910
18-09-2018,61.799999,62.455002,60.93,61.275002,25.306808,78280630
19-09-2018,61.799999,63.080002,61.740002,62.119999,25.655798,101346270
21-09-2018,63,64.760002,58.43,62.514999,25.818935,229773790
24-09-2018,61.889999,62.625,59.564999,60.77,25.098242,112429140
25-09-2018,60.900002,60.900002,57.5,60.099998,24.821529,109856240
26-09-2018,60.5,61.415001,59.799999,60.889999,25.1478,86477200
27-09-2018,61.119999,62.075001,60.740002,61.154999,25.257248,82395420
28-09-2018,61.200001,61.200001,57.5,58.125,24.005846,130270070
01-10-2018,58,58.580002,55.75,58.32,24.08638,69729490
03-10-2018,58.400002,59.439999,57.619999,57.959999,23.937698,72170630
04-10-2018,57.674999,58.775002,57,58.23,24.049212,76298400
05-10-2018,58,58.599998,56.23,56.799999,23.458614,78689670
08-10-2018,56.700001,56.994999,54.400002,55.98,23.119951,91710480
09-10-2018,56,58.389999,55.455002,57.25,23.64447,77344340
10-10-2018,57.314999,58.779999,57.314999,58.365002,24.104967,71533140
11-10-2018,55.700001,56.400002,54.904999,55.514999,22.927908,104016430
12-10-2018,56.080002,57.880001,55.810001,57.650002,23.809669,57334070
15-10-2018,57.825001,57.945,56.650002,57,23.541216,41001830
16-10-2018,57.110001,58.400002,56.959999,57.279999,23.656858,56605680
17-10-2018,57.805,57.950001,55.209999,55.465,22.907255,50205760
19-10-2018,55.299999,56.259998,54.5,55.494999,22.919647,77181960
22-10-2018,55.900002,56.119999,54.154999,54.474998,22.498381,51019510
23-10-2018,54,55,53.514999,54.560001,22.533487,46346880
24-10-2018,55.200001,55.459999,54.139999,55.005001,22.717276,42196170
25-10-2018,54.470001,55.060001,54,54.575001,22.53968,44678590
26-10-2018,54.759998,56.16,54.110001,55.154999,22.779224,60994130
29-10-2018,55.650002,57.549999,55.23,57.369999,23.694029,57383130
30-10-2018,57.125,57.200001,56.310001,56.450001,23.314062,40153190
31-10-2018,55.494999,55.779999,52.935001,55.384998,22.874216,140703330
01-11-2018,55.580002,56.389999,55.400002,55.66,22.987791,54690570
02-11-2018,56.099998,58.240002,56.064999,57.404999,23.708483,79794570
05-11-2018,57.400002,58.360001,56.75,57.744999,23.848906,45358560
06-11-2018,57.959999,58.439999,57,57.575001,23.778696,39102740
07-11-2018,58.099998,58.224998,57.900002,58.025002,23.964546,4138710
09-11-2018,57.935001,57.935001,56.845001,57.220001,23.63208,43487160
12-11-2018,57.355,58.970001,57.215,58.285,24.071926,81209960
13-11-2018,58.299999,59.150002,57.91,58.919998,24.334185,76264870
14-11-2018,60.5,61.060001,58.43,58.91,24.330053,216492890
15-11-2018,59.029999,59.689999,58.145,58.935001,24.34038,63895210
16-11-2018,59,59.099998,56.955002,57.41,23.710548,74569270
19-11-2018,57.744999,58.380001,57.400002,58.240002,24.053343,48892870
20-11-2018,57.700001,57.799999,56.200001,56.330002,23.264503,76363680
21-11-2018,56.200001,56.200001,55,55.139999,22.773029,112428980
22-11-2018,55.200001,55.360001,53.814999,53.965,22.28775,85416120
26-11-2018,54.400002,54.400002,52.165001,53.07,21.918112,100037870
27-11-2018,52.970001,52.990002,51.25,52.23,21.571188,157909070
28-11-2018,52.23,52.889999,51.865002,52.395,21.639334,113524660
29-11-2018,53.200001,53.884998,52.915001,53.355,22.035818,139293320
30-11-2018,53.5,53.68,52.549999,52.950001,21.868551,78540710
03-12-2018,54.119999,55.27,53.575001,53.810001,22.223734,120923650
04-12-2018,53.27,54.049999,53.215,53.82,22.227865,61538100
05-12-2018,53.299999,53.299999,51.5,51.77,21.381208,70780820
06-12-2018,51.325001,52.169998,50.099998,51.02,21.071455,129667140
07-12-2018,51.07,51.490002,50.32,50.93,21.034285,82529270
10-12-2018,49.939999,50.950001,49.700001,50.285,20.767897,54147050
11-12-2018,49.560001,50.369999,48.615002,50.075001,20.681166,112425720
12-12-2018,50.599998,52.25,50.549999,52.025002,21.486523,81419830
13-12-2018,52.805,52.805,50.799999,51.224998,21.15612,68100950
14-12-2018,51.099998,51.779999,50.650002,51.355,21.20981,51559800
17-12-2018,51.799999,52.525002,51.639999,52.400002,21.641401,48048540
18-12-2018,52.299999,52.84,51.959999,52.700001,21.765301,56735270
19-12-2018,52.790001,53.244999,52.459999,52.740002,21.781822,49280430
20-12-2018,52,52.700001,52,52.334999,21.614553,35173350
21-12-2018,52.415001,53.200001,51.830002,52.02,21.484457,59696700
24-12-2018,51.799999,52.07,51.200001,51.369999,21.216005,43294400
26-12-2018,50.900002,51.73,50.439999,51.345001,21.205681,49537410
27-12-2018,51.799999,51.98,50.494999,50.650002,20.918642,50169310
28-12-2018,50.82,51.645,50.805,51.285,21.180899,63074080
31-12-2018,52,52.5,51.619999,52.105,21.519564,79658120
01-01-2019,52.400002,52.450001,51.355,51.575001,21.300671,41281730
02-01-2019,50.599998,50.68,49.200001,49.365002,20.387936,117473500
03-01-2019,49.299999,49.314999,48.025002,48.125,19.875807,135329440
04-01-2019,48.099998,49.285,47.955002,48.764999,20.140129,104800720
07-01-2019,49.540001,50.099998,48.389999,48.549999,20.051334,84067870
08-01-2019,48.564999,49.334999,48.380001,49.134998,20.29294,62697060
09-01-2019,48.895,49.73,47.525002,47.919998,19.791142,126966600
10-01-2019,48,48.415001,47.75,48.040001,19.840702,70810000
11-01-2019,48.395,48.424999,47.200001,47.419998,19.584641,75408240
14-01-2019,47.419998,47.439999,46.68,47.084999,19.446283,58899170
15-01-2019,47.299999,47.650002,46.900002,47.505001,19.619747,76031810
16-01-2019,47.610001,47.990002,47.27,47.455002,19.599094,52802930
17-01-2019,47.630001,47.825001,47.049999,47.314999,19.541275,42819350
18-01-2019,47.355,47.77,46.799999,47.064999,19.438025,49148490
21-01-2019,47.299999,47.75,47.009998,47.169998,19.481388,46136900
22-01-2019,47.07,47.07,45.5,45.654999,18.85569,89577660
23-01-2019,45.700001,46.785,45.700001,46.459999,19.188156,72593860
24-01-2019,46.450001,46.450001,45.720001,46.075001,19.02915,47908460
25-01-2019,46.220001,46.580002,45.119999,45.290001,18.704943,41579670
28-01-2019,45.290001,45.395,44.330002,44.57,18.407579,43351470
29-01-2019,44.400002,45.215,44.134998,44.380001,18.329109,52257240
30-01-2019,44.669998,47.139999,44.669998,46.744999,19.305862,108579250
31-01-2019,47.205002,47.889999,46.764999,47.669998,19.687891,92437290
01-02-2019,47.700001,48.200001,47,47.470001,19.605291,50159940
04-02-2019,47.490002,47.860001,45.200001,47.605,19.661045,109720290
05-02-2019,47.700001,47.700001,45.945,46.470001,19.192287,72819270
06-02-2019,46.599998,48.669998,46.380001,48.509998,20.034815,109992650
07-02-2019,48.345001,49.139999,47.810001,48.904999,20.19795,78573380
08-02-2019,48.299999,48.775002,46.595001,46.875,19.359554,84145140
11-02-2019,47.5,48.700001,46.029999,48.07,19.853094,232623140
12-02-2019,47.84,49.720001,47.669998,48.740002,20.129805,188361110
14-02-2019,48.200001,48.634998,47.540001,48.255001,19.929501,61850420
15-02-2019,48.299999,48.34,46.264999,46.75,19.307926,74992400
18-02-2019,46.889999,47.700001,46.439999,46.555,19.227394,62535140
19-02-2019,46.540001,48.060001,46.540001,47.095001,19.450415,82245450
20-02-2019,47.25,49.384998,47.25,49.115002,20.284683,154872510
21-02-2019,49.255001,50.290001,49.035,49.884998,20.602694,117827140
22-02-2019,49.700001,50.400002,49.209999,50.23,20.74518,100057230
25-02-2019,50.400002,50.950001,49.825001,50.509998,20.860823,103576040
26-02-2019,49.799999,50.860001,49.169998,50.360001,20.798872,98562990
27-02-2019,50.700001,51.23,49.794998,50.709999,20.94342,94443460
28-02-2019,50.66,51.099998,49.830002,50.044998,20.668776,74854180
01-03-2019,50.349998,50.970001,50.200001,50.759998,20.964073,66725690
05-03-2019,50.84,52.290001,50.52,52.174999,21.548473,91180370
06-03-2019,52.290001,52.535,51.544998,52.084999,21.511303,63112270
07-03-2019,51.985001,52.32,51.355,52.115002,21.523693,61536310
08-03-2019,51.68,51.860001,50.630001,50.785,20.974398,65048470
11-03-2019,51,52.240002,50.950001,52.064999,21.503042,59082750
12-03-2019,52.439999,53.049999,52.099998,52.514999,21.688892,82982750
13-03-2019,52.5,52.5,51.259998,51.375,21.218069,64091530
14-03-2019,51.395,52.18,51.349998,51.764999,21.379141,44966420
15-03-2019,51.799999,52.095001,51.244999,51.544998,21.288282,42339380
18-03-2019,51.950001,52.674999,51.525002,52.52,21.69096,63176050
19-03-2019,52.779999,53.189999,52.064999,52.75,21.785952,63298400
20-03-2019,52.605,52.625,51.105,51.360001,21.211876,87023070
22-03-2019,51.700001,52.400002,51.560001,51.84,21.410118,52334460
25-03-2019,51.279999,51.77,50.705002,51.514999,21.27589,50368870
26-03-2019,51.599998,52.095001,51.415001,51.935001,21.449354,33298250
27-03-2019,52,52.299999,51.305,51.580002,21.302738,52391580
28-03-2019,51.439999,51.645,50.48,50.630001,20.910385,89650930
01-04-2019,53,54.400002,52.810001,53.514999,22.101898,135235540
02-04-2019,53.799999,53.799999,52.605,53.064999,21.916046,50868180
03-04-2019,53.689999,54.759998,53.345001,53.544998,22.114286,114896800
04-04-2019,53.275002,53.740002,52.650002,53.064999,21.916046,52599170
05-04-2019,53.119999,55.099998,53.119999,54.93,22.6863,100377130
08-04-2019,55.32,55.700001,54.580002,54.904999,22.675974,106009010
09-04-2019,55.099998,55.5,54.025002,55.305,22.841177,66189360
10-04-2019,55.165001,55.939999,54.169998,54.439999,22.483927,78891530
11-04-2019,54.099998,54.639999,53.349998,53.57,22.124613,60823980
12-04-2019,53.700001,54.27,53.220001,53.365002,22.039949,62740160
15-04-2019,53.689999,55.5,53.605,55.314999,22.845306,103903170
16-04-2019,55.355,55.689999,54.915001,55.325001,22.849436,63236540
18-04-2019,55.349998,55.450001,53.669998,54.310001,22.430237,66605220
22-04-2019,54,54.575001,53.310001,53.419998,22.062662,36976860
23-04-2019,53.494999,53.849998,52.150002,52.334999,21.614553,51193760
24-04-2019,52.689999,52.785,51.27,52.525002,21.693024,83768350
25-04-2019,52.200001,52.93,50.900002,51.075001,21.094172,83594180
26-04-2019,52.084999,54.775002,51.555,54.525002,22.519033,381810110
30-04-2019,54.305,56.080002,53.57,55.720001,23.012573,142581610
02-05-2019,55.41,56.165001,54.945,55.494999,22.919647,90100300
03-05-2019,55.400002,55.599998,54.66,54.779999,22.624348,58796360
06-05-2019,53.424999,54.349998,52.744999,53.595001,22.134939,99648390
07-05-2019,54.494999,54.494999,52.900002,53.060001,21.913982,65414980
08-05-2019,53.125,53.240002,52.16,52.264999,21.585644,64784320
09-05-2019,52.255001,52.639999,51.634998,51.915001,21.441093,51055970
10-05-2019,52.200001,52.575001,47.904999,48.68,20.105024,372409210
13-05-2019,48.009998,48.799999,46.34,47.23,19.50617,159569200
14-05-2019,46.695,47.759998,45.630001,46.955002,19.392593,211286060
15-05-2019,47.305,48.095001,46.064999,46.294998,19.12001,126650570
16-05-2019,46.395,47.130001,45.514999,46.924999,19.380201,112547310
17-05-2019,46.505001,47.150002,46.099998,46.945,19.388462,70884860
20-05-2019,47.799999,49.474998,47.665001,48.380001,19.981125,84575830
21-05-2019,48.485001,48.490002,46.875,47.255001,19.516493,63370580
22-05-2019,47.200001,48.055,46.740002,47.299999,19.535078,83642240
23-05-2019,47.759998,48.650002,46.205002,46.470001,19.192287,93403760
24-05-2019,46.5,48.630001,45.84,48.415001,19.995581,108824810
27-05-2019,48.450001,51.43,48.355,51.255001,21.16851,182077050
28-05-2019,51.41,51.860001,50.52,50.705002,20.941359,99606130
29-05-2019,50.57,51.174999,49.185001,49.330002,20.37348,85236870
30-05-2019,49.299999,49.645,48.599998,48.794998,20.152519,72043630
31-05-2019,49.080002,49.474998,48.105,48.830002,20.166977,102769910
03-06-2019,48.895,50.185001,48.509998,49.764999,20.553135,85053920
04-06-2019,49.599998,50.275002,49.189999,49.764999,20.553135,62125660
06-06-2019,49.764999,50.255001,48.299999,48.459999,20.014164,72227990
07-06-2019,48.299999,48.990002,47.580002,48.209999,19.910913,68111040
10-06-2019,48.900002,49.48,48.310001,48.605,20.074053,68509170
11-06-2019,48.990002,49.415001,48.700001,49.25,20.340439,65345480
12-06-2019,49.275002,50.799999,49.005001,50.584999,20.891798,127555250
13-06-2019,50.400002,50.584999,49.654999,50.255001,20.755508,72248570
14-06-2019,49.904999,50.849998,49.705002,50.18,20.724529,66058960
17-06-2019,50.009998,50.084999,47.205002,47.310001,19.539211,119382860
18-06-2019,47.325001,47.849998,46.365002,47.23,19.50617,106394540
19-06-2019,48.209999,49.84,48.209999,49.41,20.406517,188375230
20-06-2019,49.41,50.279999,48.985001,50.099998,20.69149,78263560
21-06-2019,50,50.09,49.445,49.764999,20.553135,61262460
24-06-2019,49.720001,49.98,48.185001,48.625,20.082308,72620000
25-06-2019,47.400002,49.98,47.395,49.799999,20.567587,136491190
26-06-2019,49.5,51.23,49.029999,51.060001,21.087973,129600840
27-06-2019,51.150002,51.645,50.665001,51.07,21.092106,119467140
28-06-2019,51.150002,51.564999,49.91,50.439999,20.831911,87600340
01-07-2019,50.985001,51.485001,50.314999,50.695,20.937227,85443750
02-07-2019,50.855,51.09,50.209999,50.880001,21.013634,57240040
03-07-2019,50.790001,51.48,50.459999,51.029999,21.075583,69464090
04-07-2019,50,50.264999,49.375,49.529999,20.990824,72630590
05-07-2019,49.650002,49.849998,47.529999,47.834999,20.272482,76163480
08-07-2019,47.5,47.950001,46.52,46.805,19.835968,80825910
09-07-2019,46.900002,47.200001,46.255001,46.845001,19.852922,68585800
10-07-2019,46.950001,47.435001,44.805,45.48,19.274433,134813440
11-07-2019,46.130001,46.650002,45.369999,46.200001,19.579571,99870380
12-07-2019,46.43,47.945,46.025002,47.290001,20.04151,132441180
15-07-2019,47.799999,47.825001,46.334999,46.830002,19.846563,78060790
16-07-2019,46.509998,47.860001,46.41,47.669998,20.202555,64352100
17-07-2019,47.599998,47.98,46.849998,47.57,20.160175,54793220
18-07-2019,47.299999,47.535,46.384998,46.66,19.774519,52331730
19-07-2019,47,47.299999,45.325001,45.805,19.41217,72848850
22-07-2019,45.805,46.73,45.119999,46.555,19.730019,69544520
23-07-2019,46.619999,46.790001,45.674999,45.985001,19.488453,55292840
24-07-2019,46.095001,46.299999,44.310001,44.599998,18.901489,83420010
25-07-2019,44.799999,45.195,43.830002,44.035,18.662041,75280910
26-07-2019,43.900002,44.82,43.564999,44.549999,18.880297,65857860
29-07-2019,44.555,44.59,43.099998,43.345001,18.369623,78727230
30-07-2019,43.490002,44.189999,40.619999,41.505001,17.589827,94629210
31-07-2019,41.299999,43.360001,40.950001,43.205002,18.310287,115418000
01-08-2019,42.75,43.189999,41.48,42,17.799608,94219850
02-08-2019,41.389999,41.715,40.459999,40.91,17.337667,134859520
05-08-2019,40.395,40.395,38.970001,39.924999,16.920225,112888540
06-08-2019,39.365002,40.799999,39.365002,40.16,17.019815,101975850
07-08-2019,39.5,39.650002,37.584999,38.189999,16.184929,133016090
08-08-2019,37.900002,37.950001,36.060001,36.740002,15.57042,228263940
09-08-2019,37.049999,37.365002,36.084999,36.235001,15.356401,133527610
13-08-2019,36.169998,36.759998,34.535,34.869999,14.777912,147820510
14-08-2019,35.360001,37.075001,35.34,36.465,15.453874,187387690
16-08-2019,36,36.689999,35.544998,36.305,15.386067,119202110
19-08-2019,36.59,36.695,35.715,35.955002,15.237738,98849660
20-08-2019,35.970001,36.185001,35.314999,35.825001,15.182643,93637340
21-08-2019,35.700001,35.82,34.185001,34.299999,14.536346,114233780
22-08-2019,33.990002,34.695,33.040001,33.369999,14.142213,154598000
23-08-2019,33.299999,34.895,33.035,34.525002,14.631703,112101340
26-08-2019,34.639999,34.759998,32.220001,33.805,14.326567,237649990
27-08-2019,34.095001,35.470001,34.014999,35.09,14.871149,173752960
28-08-2019,35.09,35.09,33.34,33.695,14.279948,126417160
29-08-2019,33.400002,34.264999,32.860001,33.555,14.220616,134813100
30-08-2019,34.200001,34.75,33.720001,34.490002,14.61687,179722070
03-09-2019,34.099998,34.115002,32.900002,33.139999,14.044739,92206530
04-09-2019,33.139999,34.095001,32.73,33.924999,14.377421,129047100
05-09-2019,34.599998,35.200001,34.224998,34.514999,14.627464,142508850
06-09-2019,34.700001,35.785,34.285,35.540001,15.06186,115554870
09-09-2019,35.540001,36.060001,34.814999,35.380001,14.994052,143296190
11-09-2019,35.529999,36.869999,35.52,36.705002,15.55559,136500270
12-09-2019,36.880001,37.950001,36.299999,36.505001,15.470829,188468200
13-09-2019,36.700001,36.915001,35.775002,36.735001,15.568299,116222490
16-09-2019,36.200001,36.639999,35.860001,36.110001,15.303426,80643190
17-09-2019,36.119999,36.599998,34.205002,34.494999,14.618987,131984000
18-09-2019,34.799999,36.130001,34.535,35.825001,15.182643,162531840
19-09-2019,35.599998,35.599998,34.005001,34.465,14.606274,136564950
20-09-2019,34.790001,38.099998,34.41,36.855,15.619157,267647140
23-09-2019,37.759998,38.884998,36.900002,37.735001,15.992103,163931640
24-09-2019,37.799999,37.93,36.82,37.080002,15.714512,95789890
25-09-2019,36.75,36.794998,35.755001,36.205002,15.343688,91169850
26-09-2019,36.5,37.935001,36.334999,37.575001,15.924294,140661520
27-09-2019,37.299999,37.349998,35.799999,35.965,15.241976,105687770
30-09-2019,35.5,36.369999,34.560001,36.049999,15.277998,147196960
01-10-2019,36.200001,36.470001,34.41,35.154999,14.898695,125641890
03-10-2019,34.650002,34.889999,33.845001,33.959999,14.392255,121309560
04-10-2019,34.474998,34.48,33.110001,33.310001,14.116785,114452160
07-10-2019,33.485001,33.825001,32.349998,32.48,13.76503,124157800
09-10-2019,32.334999,33.799999,32.035,33.645,14.258759,147767410
10-10-2019,33.290001,33.455002,32.799999,32.994999,13.983288,115074980
11-10-2019,33.5,34.244999,33.200001,33.900002,14.366827,171588490
14-10-2019,34.575001,35.275002,34.294998,34.485001,14.614749,167239630
15-10-2019,34.505001,35.834999,33.869999,34.919998,14.799101,179722070
16-10-2019,35.380001,35.380001,34.525002,34.740002,14.72282,128143020
17-10-2019,34.599998,36.134998,34.035,35.610001,15.091525,166951580
18-10-2019,35.595001,36.279999,35.174999,35.959999,15.239855,165680360
22-10-2019,35.75,36.380001,35.299999,35.450001,15.023718,119442830
23-10-2019,35.200001,35.875,34.924999,35.619999,15.095762,93184500
24-10-2019,35.605,36.200001,35.380001,35.990002,15.252572,109734020
25-10-2019,35.630001,36.895,35.605,36.224998,15.352161,149966920
27-10-2019,36.380001,36.555,36.310001,36.5,15.468708,10820130
29-10-2019,36.555,39.970001,36.555,39.02,16.536682,251553140
30-10-2019,38.990002,39.369999,38.43,38.799999,16.443447,143714420
31-10-2019,38.889999,39.009998,37.619999,38.055,16.127718,217560230
01-11-2019,38.005001,40.290001,37.799999,39.950001,16.93082,241111950
04-11-2019,40.299999,42.169998,40.299999,40.915001,17.339785,289344340
05-11-2019,41.400002,41.790001,40.16,40.395,17.119411,208744340
06-11-2019,40.200001,40.889999,39.869999,40.445,17.1406,179351470
07-11-2019,40.400002,40.884998,38.880001,40.310001,17.083385,407007600
08-11-2019,40.150002,40.619999,39.509998,39.794998,16.865128,214235200
11-11-2019,39.549999,40.375,39.400002,40.145,17.013458,135739740
13-11-2019,40.09,40.884998,39.27,39.790001,16.863008,175114690
14-11-2019,39.610001,39.869999,38.939999,39.195,16.610847,108694250
15-11-2019,39.200001,40.299999,39.060001,39.450001,16.718918,118132590
18-11-2019,39.639999,41.259998,39.599998,41.005001,17.377928,189065280
19-11-2019,41.400002,41.485001,40,40.174999,17.026173,142650830
20-11-2019,40.099998,40.849998,39.73,39.869999,16.896914,122556020
21-11-2019,39.900002,39.915001,38.325001,38.509998,16.320545,102085540
22-11-2019,38.599998,40.279999,38.310001,40,16.952009,172719490
25-11-2019,40.525002,42.099998,40.299999,41.950001,17.778418,276124580
26-11-2019,42.5,42.93,41.674999,42.415001,17.975487,282763120
27-11-2019,42.529999,42.700001,41.919998,42.134998,17.856821,109846790
28-11-2019,42.220001,43.43,42.215,43.209999,18.312405,157660730
29-11-2019,42.744999,42.950001,42.110001,42.75,18.117458,126319560
02-12-2019,42.494999,42.695,41.900002,42.084999,17.835632,83371710
03-12-2019,41.799999,41.855,39.639999,39.965,16.937174,168706560
04-12-2019,39.279999,41.145,38.900002,40.93,17.346142,261132490
05-12-2019,41.105,41.185001,39.709999,39.98,16.943529,111108840
06-12-2019,40.145,40.75,39.384998,40.325001,17.089743,169310820
09-12-2019,40.299999,41.18,40.195,40.669998,17.235952,123184520
10-12-2019,40.5,40.959999,40.02,40.205002,17.038887,93495850
11-12-2019,40.240002,40.82,40.035,40.555,17.187216,82278630
12-12-2019,40.830002,42.09,40.68,41.869999,17.744514,149846710
13-12-2019,43.025002,43.459999,42.345001,42.84,18.1556,216281830
16-12-2019,43.200001,43.200001,42.014999,42.099998,17.841988,95658310
17-12-2019,42.360001,44.189999,42.305,43.939999,18.62178,307577380
18-12-2019,43.939999,45.48,43.605,44.474998,18.848515,400283980
19-12-2019,44,44.939999,43.799999,44.674999,18.933275,205472860
20-12-2019,44.599998,46.34,44.310001,46.099998,19.537189,269312620
23-12-2019,46.099998,46.75,45.705002,46.215,19.585928,186311430
24-12-2019,46.220001,46.470001,45.939999,46.299999,19.62195,112355050
26-12-2019,46.299999,47.200001,46.299999,46.790001,19.829613,182556030
27-12-2019,46.924999,47.18,46.32,46.950001,19.897419,111443330
30-12-2019,47.009998,47.630001,46.509998,47.474998,20.119913,114620740
31-12-2019,47.264999,47.529999,46.950001,47.205002,20.005489,96441450
01-01-2020,47.299999,47.650002,46.48,46.775002,19.823254,121005300
02-01-2020,47.200001,48.779999,47.200001,48.485001,20.547953,216749610
03-01-2020,48.299999,48.619999,47.945,48.369999,20.499218,129568630
06-01-2020,48,48,47.055,47.325001,20.056345,96016080
07-01-2020,47.549999,48.459999,47.355,47.610001,20.177128,131957880
08-01-2020,47.165001,47.814999,46.700001,47.525002,20.141106,133048410
09-01-2020,48.5,48.599998,47.91,48.314999,20.475906,101311520
10-01-2020,48.549999,49.384998,48,48.619999,20.605164,159276340
13-01-2020,49.110001,49.700001,48.775002,49.575001,21.009895,109427500
14-01-2020,49.645,50.599998,49.575001,49.860001,21.130678,156608220
15-01-2020,49.189999,50.355,48.915001,50.209999,21.279009,121179480
16-01-2020,50.200001,50.404999,49.209999,49.439999,20.952682,104383690
17-01-2020,49.330002,49.889999,49.189999,49.525002,20.988707,56824600
20-01-2020,49.700001,49.98,48.915001,49.064999,20.793756,72918780
21-01-2020,48.779999,48.779999,47.349998,47.615002,20.179247,113158030
22-01-2020,47.865002,47.985001,47.32,47.505001,20.132629,76621710
23-01-2020,47.59,48.185001,47.314999,48.025002,20.353006,72000200
24-01-2020,48.029999,48.509998,47.645,48.34,20.486502,74811300
27-01-2020,47.775002,47.775002,46.009998,46.244999,19.598639,129631190
28-01-2020,46,46.200001,44.200001,44.625,18.912085,180152830
29-01-2020,45.279999,45.970001,44.959999,45.220001,19.164246,110818340
30-01-2020,45.189999,45.445,44.139999,44.855,19.00956,146520160
31-01-2020,45.299999,45.424999,43.645,43.869999,18.592112,107387270
03-02-2020,41.799999,43.900002,41.66,43.605,18.479807,162371260
04-02-2020,44.200001,45.34,43.345001,45.189999,19.151531,133362630
05-02-2020,45.224998,47.970001,44.799999,47.505001,20.132629,160567650
06-02-2020,47.799999,48.724998,47.16,47.759998,20.240696,166660740
07-02-2020,47.57,47.970001,46.884998,47.099998,19.960987,116499090
10-02-2020,46.025002,46.325001,44,44.380001,18.808254,267960480
11-02-2020,44.834999,45.77,44.27,44.41,18.820967,168243710
12-02-2020,45,45.450001,44.255001,44.794998,18.984129,117858580
13-02-2020,44.875,45.169998,43.935001,44.125,18.700184,99652210
14-02-2020,44.099998,44.555,43.334999,43.455002,18.416239,94848170
17-02-2020,43.549999,44.09,43.299999,43.685001,18.513712,97247650
18-02-2020,43.400002,43.514999,42.130001,43.139999,18.282742,115024230
19-02-2020,43.645,43.849998,42.814999,43.32,18.359024,84651090
20-02-2020,42.900002,44.77,42.799999,44.355,18.797659,129802370
24-02-2020,43.485001,43.485001,41.334999,41.544998,17.606779,175231420
25-02-2020,41.900002,42.555,41.439999,42.130001,17.854704,145581760
26-02-2020,41.130001,41.939999,41.130001,41.630001,17.642803,142707060
27-02-2020,41.490002,41.59,40.705002,41.279999,17.494473,102263790
28-02-2020,39.869999,39.895,37.5,38.174999,16.178572,245328330
02-03-2020,39.369999,39.400002,35.799999,36.404999,15.428446,202207720
03-03-2020,37.349998,39.099998,37.009998,38.755001,16.424377,186489330
04-03-2020,38.805,38.990002,36.509998,37.715,15.983624,229371480
05-03-2020,38.395,38.779999,37.43,37.575001,15.924294,146284680
06-03-2020,35.695,35.830002,34.665001,35.150002,14.896578,148481880
09-03-2020,33.75,33.77,31.975,32.23,13.659081,204221360
11-03-2020,32.400002,32.605,29.610001,29.975,12.703411,286928700
12-03-2020,27.5,29.18,26.719999,28.745001,12.182137,437671340
13-03-2020,27,33.209999,25.535,32.669998,13.845551,338414370
16-03-2020,30.4,31.764999,28.709999,28.959999,12.273253,236054820
17-03-2020,30,30.764999,28.049999,28.275,11.982951,206539390
18-03-2020,29,29.315001,27.57,28.084999,11.90243,187721700
19-03-2020,26.895,28.450001,26.049999,27.184999,11.521009,187219810
20-03-2020,27.969999,30.5,27.415001,29.775,12.61865,173077660
23-03-2020,26.799999,27.799999,25.355,27.115,11.491342,121004020
24-03-2020,27.705,28.565001,25.860001,27.190001,11.523128,129288020
25-03-2020,26.705,29.5,26.705,28.68,12.15459,94428290
26-03-2020,29,29.549999,28.01,28.445,12.054996,114938330
27-03-2020,29.1,29.525,27.42,27.725,11.749861,111835940
30-03-2020,26.700001,27.075001,25.084999,25.405001,10.766644,158537210
31-03-2020,26.225,27.245001,25.969999,26.959999,11.425653,157868130
01-04-2020,26.6,26.795,25.809999,26.635,11.287918,119647990
03-04-2020,26.77,26.889999,25.1,25.375,10.753931,125266950
07-04-2020,26.605,27.77,26.120001,27.620001,11.705361,159566590
08-04-2020,27.1,29.290001,26.665001,27.475,11.64391,204349980
09-04-2020,28.049999,28.959999,27.764999,28.485001,12.071949,138556280
13-04-2020,28.5,29.200001,27.385,28.254999,11.974475,155103280
15-04-2020,28.74,29.565001,28.190001,28.514999,12.084663,209917430
16-04-2020,27.6,29.190001,27.6,28.889999,12.243587,172487980
17-04-2020,29.75,29.969999,28.549999,29.334999,12.432178,174923730
20-04-2020,29.48,29.5,28.51,28.639999,12.137637,119607480
21-04-2020,28.004999,28.1,26.325001,26.594999,11.270967,169249100
22-04-2020,26.610001,26.99,25.92,26.834999,11.372678,147898560
23-04-2020,27,27.9,26.9,27.030001,11.455318,154678570
24-04-2020,26.629999,27.385,26.445,26.754999,11.338775,123808460
27-04-2020,27.4,27.690001,27.049999,27.165001,11.512532,124106120
28-04-2020,27.389999,27.540001,26.955,27.355,11.593055,85471050
29-04-2020,27.299999,28.615,27.125,28.264999,11.978712,198765690
30-04-2020,28.995001,30.450001,28.870001,29.83,12.641959,236333720
04-05-2020,28.5,28.615,27.01,27.360001,11.595174,128914590
05-05-2020,27.9,28.24,27.1,27.264999,11.554913,121823300
06-05-2020,27.41,28.045,27.205,27.775,11.771051,95077310
07-05-2020,27.545,28.285,27.465,27.584999,11.690528,89583760
08-05-2020,28.280001,28.4,27.200001,27.290001,11.565508,98777550
11-05-2020,27.555,28.299999,27.5,27.620001,11.705361,109074080
12-05-2020,27.33,27.68,26.450001,27.395,11.610007,150402970
13-05-2020,28.75,28.799999,27.35,27.655001,11.720196,147231160
14-05-2020,27.200001,27.52,26.73,26.855,11.381155,107969020
15-05-2020,27,27.68,26.879999,27.344999,11.588817,149896650
18-05-2020,27.41,27.620001,26.245001,26.66,11.298513,116153670
19-05-2020,27.195,28.040001,26.75,27.200001,11.527366,168970940
20-05-2020,27.200001,28.4,27.01,28.32,12.002022,144218120
21-05-2020,28.389999,28.625,27.85,28.370001,12.023212,130358110
22-05-2020,27.9,28.025,27.33,27.445,11.631196,106567390
26-05-2020,27.75,28.440001,27.700001,28.045,11.885477,121075590
27-05-2020,28.219999,29.040001,27.905001,28.795,12.203327,140074620
28-05-2020,29.190001,29.860001,28.940001,29.549999,12.523296,166019580
29-05-2020,29.209999,29.690001,28.785,29.52,12.510583,131279850
01-06-2020,30.200001,31.780001,30.200001,31.52,13.358182,243843600
02-06-2020,31.799999,32.345001,31.455,31.940001,13.536179,165626630
03-06-2020,32.544998,32.630001,31.504999,31.74,13.451419,103869540
04-06-2020,31.690001,32.259998,31.459999,31.995001,13.559488,112512660
05-06-2020,32.580002,34.365002,32.505001,33.895,14.364708,309184760
08-06-2020,34.77,35.080002,32.735001,33.360001,14.137976,164816490
09-06-2020,33.599998,34.400002,32.884998,33.220001,14.078643,149268320
10-06-2020,33.110001,33.150002,32.200001,32.400002,13.731127,172188830
11-06-2020,32.200001,32.349998,31.1,31.315001,13.271304,139066840
12-06-2020,30,32.044998,30,31.76,13.459895,175578850
15-06-2020,31.375,31.5,30.26,30.620001,12.976763,185810020
16-06-2020,31.51,32.255001,30.129999,30.895,13.093307,234418060
17-06-2020,30.719999,31.48,30.504999,30.82,13.061522,114470230
18-06-2020,30.82,31.92,30.709999,31.809999,13.481085,113692780
19-06-2020,32.099998,32.584999,31.73,32.055,13.584915,151342880
22-06-2020,31.975,32.799999,31.834999,32.57,13.803172,110312750
23-06-2020,32.77,33.349998,32.615002,33.200001,14.070168,125450560
24-06-2020,33.66,33.814999,32.474998,32.605,13.818006,207826420
25-06-2020,32.200001,32.740002,32.099998,32.310001,13.692985,113456530
26-06-2020,32.580002,32.994999,32.255001,32.384998,13.724769,97063330
29-06-2020,32.299999,32.599998,31.209999,32.084999,13.597631,119611330
30-06-2020,32.310001,33.764999,32.310001,32.669998,13.845551,365236470
01-07-2020,32.900002,32.959999,32.029999,32.369999,13.718411,104894330
02-07-2020,32.705002,33.75,32.455002,33.490002,14.193069,119713930
03-07-2020,33.700001,33.700001,32.735001,32.990002,13.98117,106126140
06-07-2020,33.314999,34.169998,33.029999,33.889999,14.36259,141439660
07-07-2020,33.880001,33.884998,32.805,33.029999,13.998121,108393710
08-07-2020,33.279999,34.639999,33.200001,33.419998,14.163403,215601630
09-07-2020,33.700001,34.849998,33.650002,34.450001,14.599916,244037810
10-07-2020,34.195,34.43,33.52,33.869999,14.354112,125261130
13-07-2020,34.330002,34.700001,33.849998,34.209999,14.498205,121150000
14-07-2020,33.900002,33.900002,33.259998,33.665001,14.267234,83070350
15-07-2020,34.064999,34.650002,33.799999,33.93,14.379541,96874130
16-07-2020,33.799999,34.650002,33.154999,34.165001,14.479134,105860440
17-07-2020,34.599998,35.68,34.514999,35.095001,14.873268,244153950
20-07-2020,35.110001,35.470001,34.66,35.240002,14.93472,95320490
21-07-2020,35.599998,36.060001,34.950001,35.915001,15.220784,113681040
22-07-2020,36.049999,36.290001,34.66,35.005001,14.835127,178429190
23-07-2020,35.009998,35.639999,34.764999,35.189999,14.913528,96250490
24-07-2020,34.700001,34.98,34.255001,34.610001,14.667726,89188290
27-07-2020,35.099998,35.389999,34.424999,35.285,14.953789,118356070
28-07-2020,35.360001,36,35.275002,35.849998,15.193237,106392570
29-07-2020,35.900002,37.845001,35.615002,37.375,15.839533,301158810
30-07-2020,37.700001,37.779999,36.41,36.66,15.536515,103982570
31-07-2020,36.560001,37.040001,36.040001,36.630001,15.523802,90249550
03-08-2020,36.474998,37.685001,36.205002,37.349998,15.828937,111369710
04-08-2020,37.450001,37.799999,36.764999,37.224998,15.775962,111842600
05-08-2020,37.305,39.790001,37.305,39.580002,16.774014,305597410
06-08-2020,38.974998,40.279999,38.549999,40.044998,17.410971,221228070
07-08-2020,39.59,40.669998,39.310001,40.404999,17.567495,151763170
10-08-2020,40.575001,41.154999,39.959999,41.02,17.834888,120182110
11-08-2020,41.310001,42.759998,41.25,41.645,18.106628,258851910
12-08-2020,41.369999,41.735001,40.755001,41.450001,18.021845,115744020
13-08-2020,41.82,42.169998,40.884998,41.310001,17.960976,124220440
14-08-2020,41,43.095001,40.91,41.849998,18.195759,477423650
17-08-2020,41.799999,42.915001,41.424999,42.505001,18.480545,181455010
18-08-2020,42.165001,43.68,41.970001,43.450001,18.891417,173400200
19-08-2020,43.450001,43.555,42.884998,43.169998,18.769676,118436810
20-08-2020,42.5,43.830002,42.305,43.259998,18.808805,158466000
21-08-2020,43.575001,44.200001,42.654999,42.884998,18.645761,134818760
24-08-2020,43.360001,43.775002,42.810001,42.950001,18.674025,90928540
25-08-2020,43.200001,43.264999,42.145,42.400002,18.434893,105529000
26-08-2020,42.5,42.775002,42.220001,42.5,18.478369,79571570
27-08-2020,42.549999,43.02,42.299999,42.685001,18.558805,95491160
28-08-2020,42.965,43.799999,42.305,42.419998,18.443586,152112670
31-08-2020,42.650002,43.014999,41,41.299999,17.956627,157459100
01-09-2020,41.389999,43.27,41.195,42.865002,18.63707,140728230
02-09-2020,43.005001,44.169998,42.709999,43.865002,19.071852,117392780
03-09-2020,44.25,44.365002,43.59,43.810001,19.047939,102142880
04-09-2020,42.810001,43.395,41.900002,42.130001,18.317499,105290810
07-09-2020,42.369999,42.84,41.845001,42.25,18.369673,96263460
08-09-2020,42.575001,42.575001,40.259998,40.509998,17.613148,116372720
09-09-2020,39.880001,42.014999,38.650002,41.740002,18.147934,319997830
10-09-2020,42.400002,42.59,40.110001,40.799999,17.739235,229205440
11-09-2020,40.875,41.264999,40.25,40.75,17.717497,136871250
14-09-2020,41,41.41,40.215,40.465,17.593582,123310520
15-09-2020,40.700001,41.055,40.355,40.525002,17.619669,91323090
16-09-2020,40.645,41,40.27,40.459999,17.591408,99873490
17-09-2020,40.195,40.75,39.32,39.869999,17.334885,148080220
18-09-2020,40.209999,40.564999,39.34,39.549999,17.195755,168417030
21-09-2020,39.599998,39.919998,37.099998,37.34,16.234879,141383050
22-09-2020,37.400002,37.849998,35.82,37.415001,16.267487,220130270
23-09-2020,37.700001,37.799999,35.645,36.130001,15.70879,169844110
24-09-2020,35.68,35.724998,34.275002,34.389999,14.952262,124957470
25-09-2020,34.799999,35.560001,34.419998,35.209999,15.308784,122425760
28-09-2020,35.994999,36.494999,35.564999,36.099998,15.695744,122701960
29-09-2020,36.5,37.18,36.169998,37.005001,16.089226,178916090
30-09-2020,37.105,37.150002,35.799999,35.974998,15.641395,129636870
01-10-2020,36.43,37.029999,36.314999,36.494999,15.867485,95540970
05-10-2020,37.009998,38.549999,36.950001,38.23,16.621836,195905330
06-10-2020,38.68,38.724998,37.310001,37.740002,16.408792,142863360
07-10-2020,37.599998,37.93,37,37.110001,16.134878,96937190
08-10-2020,37.445,38.299999,37.169998,37.365002,16.245749,141111310
09-10-2020,37.605,38.695,36.705002,36.950001,16.065313,220065830
12-10-2020,37.349998,37.715,36.25,37.110001,16.134878,157568610
13-10-2020,37.200001,37.625,36.665001,36.834999,16.015312,119024640
14-10-2020,37.040001,37.724998,36.955002,37.555,16.328358,148921160
15-10-2020,38.099998,38.860001,37.150002,37.389999,16.256617,316506980
16-10-2020,37.709999,39.59,37.52,39.384998,17.124014,288554790
19-10-2020,39.759998,40,39.18,39.549999,17.195755,147289680
20-10-2020,39.200001,39.735001,38.959999,39.240002,17.06097,109496320
21-10-2020,39.630001,40.799999,39.435001,40.404999,17.567495,263519520
22-10-2020,40.189999,41.355,40.009998,40.965,17.810974,208883010
23-10-2020,41.299999,42.599998,41.220001,42.345001,18.410978,285885950
26-10-2020,42.334999,42.334999,40.415001,40.84,17.756628,166073190
27-10-2020,40.869999,41.685001,40.34,41.099998,17.869671,160621710
28-10-2020,41.145,41.82,40.044998,40.23,17.491409,169657540
29-10-2020,39.945,40.5,39.529999,40.139999,17.452276,138603960
30-10-2020,40.27,41.290001,39.52,41.055,17.850105,180209980
02-11-2020,41,41.25,39.869999,40.285,17.51532,131431090
03-11-2020,40.75,41.220001,40.445,40.689999,17.691408,122580340
04-11-2020,40.889999,41.505001,40.139999,40.389999,17.560972,136143660
05-11-2020,41.200001,42.825001,40.915001,42.549999,18.500109,265177560
06-11-2020,42.450001,43.290001,42.264999,42.650002,18.543587,173981930
09-11-2020,43.299999,43.990002,42.740002,43.830002,19.056635,158308620
10-11-2020,44,45.325001,43.555,44.189999,19.213158,262002400
11-11-2020,44.189999,47.735001,43.959999,47.395,20.606642,368618330
12-11-2020,47.200001,47.990002,46.630001,47.314999,20.571859,234936850
13-11-2020,47.084999,48.84,46.5,48.654999,21.154472,234181870
14-11-2020,49.654999,49.950001,48.700001,49.220001,21.400126,78374000
17-11-2020,50.599998,53.095001,50.169998,52.27,22.726223,642845990
18-11-2020,51.799999,52.380001,51.064999,51.720001,22.487091,174815130
19-11-2020,51.185001,53.57,51,52.360001,22.765352,201379980
20-11-2020,52.599998,54.169998,52.099998,53.290001,23.169703,266860000
23-11-2020,53.799999,54.599998,53.634998,54.310001,23.613184,170254250
24-11-2020,54.794998,55.044998,54.139999,54.830002,23.839272,130291260
25-11-2020,55.099998,55.865002,53.950001,54.125,23.532747,176809890
26-11-2020,54.599998,57.110001,54.125,56.84,24.71319,225701850
27-11-2020,57,58.235001,56.305,57.735001,25.102322,462912480
01-12-2020,59.200001,59.200001,57.695,58.580002,25.469715,147391090
02-12-2020,58.57,60.759998,58.404999,60.435001,26.276243,249970850
03-12-2020,60.900002,62.474998,60.799999,62.09,26.995811,247756520
04-12-2020,62.400002,63.25,61.459999,62.27,27.074072,201535520
07-12-2020,62.360001,62.900002,60.945,61.455002,26.719725,155883210
08-12-2020,61.599998,62.145,60.244999,61.345001,26.671896,170158530
09-12-2020,61.799999,62.07,60.709999,60.935001,26.493635,127307310
10-12-2020,60.599998,61.400002,59.349998,61.009998,26.526241,198293280
11-12-2020,61.490002,62.544998,61.424999,62.169998,27.030594,163956980
14-12-2020,62.674999,63.889999,62.529999,62.674999,27.250162,177227150
15-12-2020,62.345001,63.709999,61.735001,63.535,27.624075,132263120
16-12-2020,64.120003,64.945,63.82,64.339996,27.974077,160402560
17-12-2020,64.339996,64.599998,63.145,63.529999,27.621902,79651860
18-12-2020,63.825001,64.084999,62.799999,63.125,27.445812,253515060
21-12-2020,62.400002,62.77,58.560001,59.584999,25.906673,190766540
22-12-2020,59.599998,61.044998,58.5,60.134998,26.145805,188468790
23-12-2020,59.900002,62.419998,59.630001,62.139999,27.01755,122383430
24-12-2020,62.529999,63.695,61.924999,62.23,27.056681,120907400
28-12-2020,62.825001,63.535,62.66,63.264999,27.506683,104805170
29-12-2020,63.785,63.965,62.105,63.220001,27.487118,104163260
30-12-2020,63.294998,64.394997,62.404999,64.044998,27.845816,115144280
31-12-2020,63.654999,65.349998,63.654999,64.364998,27.984945,177130120
01-01-2021,64.5,64.970001,64,64.309998,27.961035,84113960
04-01-2021,64.900002,69.989998,64.644997,69.300003,30.130611,381849550
05-01-2021,68.699997,69.385002,67.510002,68.055,29.589304,215452540
06-01-2021,68.400002,69.665001,67.5,68.379997,29.73061,196105220
07-01-2021,69.300003,73.150002,69.169998,72.279999,31.42627,382321940
08-01-2021,72.699997,72.724998,70.309998,71.315002,31.006704,193293130
11-01-2021,71.199997,71.199997,68.82,69.565002,30.245832,170245090
12-01-2021,69.5,72.449997,69.110001,69.489998,30.213219,245254840
13-01-2021,70.144997,71.455002,69.300003,70.915001,30.832792,193538710
14-01-2021,71,71.445,69.709999,70.635002,30.71105,115408580
15-01-2021,71.199997,72.150002,69.764999,70.589996,30.691481,206884370
18-01-2021,70.800003,70.875,65.949997,66.669998,28.987127,250452260
19-01-2021,67.199997,68.394997,64.699997,68.110001,29.613218,312451180
20-01-2021,69.014999,69.949997,68.260002,69.014999,30.006701,233131500
21-01-2021,69.099998,69.474998,66.160004,66.669998,28.987127,161178670
22-01-2021,67,67.580002,63.365002,64.699997,28.1306,237156650
25-01-2021,65.099998,66.184998,63.099998,65.195,28.345819,163484730
27-01-2021,65.089996,65.114998,62.380001,62.599998,27.217552,149180840
28-01-2021,61.799999,63.060001,61.259998,62.369999,27.11755,170917520
29-01-2021,63.005001,63.380001,59.599998,60.099998,26.130589,268265750
01-02-2021,60.490002,64,59.744999,63.610001,27.656687,210846940
02-02-2021,64.300003,64.800003,62.41,64.165001,27.897991,180489570
03-02-2021,64.489998,66.43,63.724998,65.315002,28.397995,148463810
04-02-2021,65.400002,66.349998,63.860001,65.595001,28.519733,147649950
05-02-2021,65.690002,69.059998,65.139999,68.504997,29.784958,291008880
08-02-2021,69.400002,70.489998,68.269997,70.294998,30.563221,214621690
09-02-2021,70.650002,71.644997,69.160004,69.919998,30.400181,293370280
10-02-2021,71,72.449997,68.004997,69.025002,30.011047,573979190
11-02-2021,68.760002,70.459999,68.285004,69.470001,30.204525,163407050
12-02-2021,69.5,69.790001,67.849998,68.050003,29.587133,147054790
15-02-2021,68.709999,68.800003,67,67.214996,29.224083,131716720
16-02-2021,67.214996,70.860001,66.830002,69.919998,30.400181,336618380
17-02-2021,69.764999,70.349998,68.75,69.68,30.295828,159574830
18-02-2021,70,71.099998,69.400002,69.775002,30.337137,148561470
19-02-2021,69.599998,69.599998,65.595001,67.07,29.161041,223923860
22-02-2021,67.290001,69.790001,67.084999,68.455002,29.763222,281491090
23-02-2021,68.959999,73.599998,68.220001,72.93,31.708881,389070710
24-02-2021,73.5,74.5,72,72.769997,31.639315,216767890
25-02-2021,73.519997,75.300003,73.195,74.290001,32.30019,219015960
26-02-2021,72.5,74.160004,71.110001,71.514999,31.09366,235515910
01-03-2021,72.400002,73.824997,71.135002,73.040001,31.756708,140586460
02-03-2021,73.044998,73.974998,72.315002,73.550003,31.978451,111133990
03-03-2021,74.099998,78.25,74.099998,77.714996,33.78933,288428350
04-03-2021,75.099998,76.690002,74.364998,75.794998,32.95454,228738220
05-03-2021,74.849998,75.599998,72.699997,73.330002,31.882797,168819600
08-03-2021,74.394997,75.120003,73.504997,73.724998,32.054539,106145960
09-03-2021,74.5,75.095001,70.224998,70.675003,30.728441,195564380
10-03-2021,71.489998,72.995003,70.305,72.449997,31.500185,196858600
12-03-2021,74,74.5,71.400002,71.995003,31.302359,161214090
15-03-2021,72.199997,73.900002,71.504997,73.639999,32.017582,155429990
16-03-2021,74.010002,74.010002,71.919998,72.404999,31.480618,125699980
17-03-2021,72.495003,72.599998,70.065002,70.440002,30.62627,105409590
18-03-2021,71.625,72.290001,69.830002,70.485001,30.645834,143206510
19-03-2021,70.275002,73.675003,68.125,73.300003,31.869753,246378140
22-03-2021,73.110001,74.565002,72.5,74.349998,32.326279,137603700
23-03-2021,74.599998,74.945,73.330002,74.114998,32.224098,118738960
24-03-2021,73.099998,73.300003,69.894997,70.279999,30.556702,210302830
25-03-2021,71.010002,73.07,68.834999,72.315002,31.441488,367224000
26-03-2021,73.040001,77.489998,72.519997,76.684998,33.341499,429122470
30-03-2021,78,81,77.790001,80,34.782814,284794680
31-03-2021,79.400002,82.349998,79.010002,81.184998,35.298035,280445850
01-04-2021,82.099998,86.889999,81.900002,86.305,37.524136,368420980
05-04-2021,86.199997,87.785004,83.714996,86.775002,37.728485,305759860
06-04-2021,87.550003,88.25,85.815002,86.285004,37.515442,207789200
07-04-2021,86.949997,88.5,86.464996,87.485001,38.037182,171132080
08-04-2021,88.400002,95.364998,88.269997,91.839996,39.930664,530630560
09-04-2021,92.099998,93,88.57,89.949997,39.108925,321790690
12-04-2021,87.654999,89.32,84.334999,85.154999,37.024132,221355040
13-04-2021,86.199997,88.160004,84.900002,87.900002,38.217617,204285020
15-04-2021,89.199997,91.150002,87.949997,89.82,39.052406,218563570
16-04-2021,90.379997,91.440002,88.625,89.025002,38.706753,173985980
19-04-2021,86.980003,89.900002,86,88.805,38.611095,191469960
20-04-2021,90,90.574997,88.199997,89.400002,38.869797,169152930
22-04-2021,89.995003,93.864998,89.705002,92.139999,40.061104,319028150
23-04-2021,92.980003,94.5,91.074997,92.559998,40.243713,247523860
26-04-2021,93.5,95.599998,93.004997,94.074997,40.902412,212348580
27-04-2021,94.830002,98.300003,94.43,97.775002,42.51112,249045150
28-04-2021,98.5,98.599998,96.199997,97.139999,42.235035,204479680
29-04-2021,98.300003,103.695,98.300003,103.135002,44.841572,447186470
30-04-2021,102.400002,105.260002,101.110001,103.400002,44.956787,281297380
03-05-2021,103.195,106.900002,101.849998,106.474998,46.293751,264841000
04-05-2021,107.445,108.665001,105.754997,106.385002,46.254623,249616280
05-05-2021,108.400002,108.834999,104.699997,107.014999,46.528534,192498390
06-05-2021,105.5,112.900002,104.25,110.089996,47.865498,464345370
07-05-2021,113.5,119.199997,113.010002,118.235001,51.406826,540754330
10-05-2021,121,122.900002,120,121.635002,52.885094,280808840
11-05-2021,119,124.599998,117.690002,123.389999,53.648144,411083810
12-05-2021,123.195,124.684998,116.324997,117.915001,51.267696,308891920
14-05-2021,118.5,118.5,111.519997,113.209999,49.222031,376480320
17-05-2021,113.800003,115.82,110.349998,115.084999,50.037251,287534300
18-05-2021,117.5,119.644997,115.705002,118,51.304649,245738800
19-05-2021,117.300003,118.955002,115.800003,116.425003,50.619862,174350260
20-05-2021,113.110001,113.550003,109.805,110.504997,48.045933,284462530
21-05-2021,111.400002,112.389999,110.584999,111.309998,48.395935,141049260
24-05-2021,110.800003,110.894997,108.209999,109.199997,47.478542,189238420
25-05-2021,110.195,112.595001,110,110.519997,48.052456,181137520
26-05-2021,109.050003,109.400002,107.25,108.214996,47.050278,154327030
27-05-2021,108.214996,110.974998,107.5,109.665001,47.680717,227910320
28-05-2021,113.099998,114.360001,109.745003,110.349998,47.978542,192085810
31-05-2021,111.199997,112.964996,109.900002,112.565002,48.941597,154286470
01-06-2021,112,112.300003,108.550003,110.089996,47.865498,176909250
02-06-2021,110.5,112.980003,110.400002,112.404999,48.872028,128625910
03-06-2021,112.955002,113.974998,111.300003,112.199997,48.782898,121094770
04-06-2021,111.599998,112.879997,110.699997,112.07,48.726372,97133470
07-06-2021,113,115,112.555,112.870003,49.074203,122185920
08-06-2021,113.269997,113.269997,110.004997,111.110001,48.308979,108343730
09-06-2021,111.699997,112.800003,109.394997,110.099998,47.869846,111143380
10-06-2021,110.93,112.580002,110.290001,111.445,48.454636,77767640
11-06-2021,112.779999,116.459999,111.309998,115.834999,50.363338,174458560
14-06-2021,116.800003,117.864998,114,116.480003,50.643776,160312640
15-06-2021,117,118.68,116.010002,117.43,51.056824,97681020
16-06-2021,116.900002,118.474998,113.165001,114.214996,49.658985,175211070
17-06-2021,111.894997,113.379997,109.565002,110.375,49.063339,162076870
18-06-2021,110.5,110.989998,105.025002,109.230003,48.554371,403470770
21-06-2021,107,110.900002,106.364998,110.614998,49.170021,130014320
22-06-2021,111.419998,113.099998,110.650002,111.230003,49.443401,90246340
23-06-2021,112.050003,112.754997,109.785004,110.010002,48.901093,78063360
24-06-2021,110.5,112.050003,109.845001,111.315002,49.481182,72394700
25-06-2021,113.5,117,113,116.525002,51.797108,180227700
28-06-2021,117.400002,118.900002,116.300003,118.400002,52.630573,116603350
29-06-2021,118.449997,119.199997,116.555,117.254997,52.121601,78037590
30-06-2021,118.105003,119.099998,116.279999,116.660004,51.857117,80432670
01-07-2021,117.190002,117.68,115.644997,116.355003,51.721539,56149280
02-07-2021,116.599998,116.68,113.019997,113.599998,50.496899,75734070
05-07-2021,114.599998,116.18,113.599998,115.684998,51.423714,76799000
06-07-2021,115.864998,117.800003,115.025002,116.724998,51.886009,91468350
07-07-2021,116.794998,122.5,115.849998,121.864998,54.170815,167456260
08-07-2021,122.5,123,118.120003,118.974998,52.886166,124105850
09-07-2021,119.199997,124.410004,118.800003,123.934998,55.090961,178593560
12-07-2021,125.099998,125.849998,121.834999,122.695,54.539764,166477750
13-07-2021,123.800003,124.345001,122.309998,122.875,54.619778,79155280
14-07-2021,123.195,124.769997,121.900002,124.470001,55.328777,83413880
15-07-2021,124.610001,126.580002,123.769997,125.595001,55.828857,96555510
16-07-2021,126.470001,128.130005,125.904999,127.845001,56.829018,84969250
19-07-2021,125.900002,129.089996,125.370003,126.639999,56.293373,89046290
20-07-2021,127.199997,127.230003,122.5,123.334999,54.824249,85799400
22-07-2021,124.900002,127.794998,124.800003,127.300003,56.586754,78940240
23-07-2021,127.934998,129.550003,127.400002,128.139999,56.960148,86418650
26-07-2021,128.899994,130.824997,127.805,129.794998,57.69582,86784330
27-07-2021,131.5,133.449997,130.804993,133.065002,59.149387,103413820
28-07-2021,133.199997,136.994995,130.619995,136.5,60.676292,128351250
29-07-2021,137.5,148.179993,136.800003,145.860001,64.836952,300610410
30-07-2021,145.565002,147.270004,142.779999,143.429993,63.756779,140492650
02-08-2021,144.600006,144.699997,140.550003,141.005005,62.678837,97689200
03-08-2021,141.399994,142.085007,139.035004,140.720001,62.552143,86405600
04-08-2021,142,144.800003,140.509995,141.619995,62.952209,112894350
05-08-2021,141.529999,145,138.75,144.660004,64.303535,162217990
06-08-2021,144.899994,145.699997,142.600006,142.884995,63.514519,96740250
09-08-2021,143.399994,144.324997,140.539993,141.220001,62.774403,78594930
10-08-2021,141.199997,141.800003,136.720001,137.360001,61.058578,84516230
11-08-2021,139,142.970001,138.419998,142.619995,63.396721,145353570
12-08-2021,143.600006,144.470001,141.654999,143.535004,63.803455,109431080
13-08-2021,140.5,147.660004,139.065002,146.164993,64.972527,289698720
16-08-2021,148.399994,153.449997,147.220001,151.940002,67.539604,271144880
17-08-2021,151.940002,153.399994,149.175003,150.369995,66.841713,189709230
18-08-2021,150.945007,151.889999,148.820007,150.044998,66.69725,123317450
20-08-2021,144.505005,144.699997,136.279999,137.559998,61.147476,273400690
23-08-2021,140.199997,140.979996,131.074997,135.865005,60.394028,229257290
24-08-2021,138.199997,142,137.699997,140.464996,62.438789,176075790
25-08-2021,141.800003,142.600006,138.074997,139.020004,61.796471,125650100
26-08-2021,139.039993,139.475006,136.5,137.505005,61.123032,91578980
27-08-2021,137.899994,139.445007,137.585007,138.414993,61.527534,73940810
30-08-2021,139.899994,144.5,139.800003,144.059998,64.036827,134443870
31-08-2021,144.5,145.899994,143.199997,145.024994,64.465782,247521080
01-09-2021,145.125,145.550003,140.699997,141.119995,62.72995,88128970
02-09-2021,141.100006,143.199997,141,142.509995,63.347824,61480460
03-09-2021,142.800003,145.294998,141.645004,144.365005,64.172409,84523820
06-09-2021,144.699997,145.195007,142.315002,143.699997,63.876797,69586760
07-09-2021,144.399994,145.899994,142.065002,142.869995,63.507851,63527170
08-09-2021,142.600006,144.264999,141.860001,142.985001,63.558971,46762240
09-09-2021,142,145.195007,142,144.699997,64.321312,53130300
13-09-2021,144.699997,147.199997,143.649994,146.345001,65.052544,56702080
14-09-2021,147.600006,147.600006,144.899994,145.229996,64.556908,55037670
15-09-2021,145.229996,146.369995,144.440002,145.509995,64.681366,44174640
16-09-2021,146,147.190002,143.125,143.675003,63.865685,56067970
17-09-2021,143.699997,144.029999,136,138.589996,61.605331,195720300
20-09-2021,135,135.190002,124.735001,125.309998,55.702168,282384120
21-09-2021,125.800003,129.690002,123.290001,129.220001,57.440224,255935400
22-09-2021,129.940002,131.800003,128.309998,130.580002,58.044765,111242470
23-09-2021,133,133.945007,130.604996,131.869995,58.618183,99462510
24-09-2021,132,132.399994,125.845001,127.209999,56.546745,132866160
27-09-2021,127.199997,128.869995,126.105003,127.050003,56.475624,86688770
28-09-2021,127.345001,129.679993,126.300003,128.095001,56.940147,81007360
29-09-2021,127,130.979996,126.720001,129.554993,57.589134,94945770
30-09-2021,130.300003,131.639999,128.384995,128.889999,57.293533,75145680
01-10-2021,127.5,131.100006,126.5,129.785004,57.691376,90374700
04-10-2021,129.785004,132.774994,128.039993,132.414993,58.860447,96902370
05-10-2021,131.399994,133.270004,131.014999,131.684998,58.535954,57952160
06-10-2021,131.990005,132.860001,127.315002,127.989998,56.893471,86316930
07-10-2021,129.5,130.679993,128.354996,128.919998,57.306866,46033670
08-10-2021,130.199997,134.404999,129.634995,130.115005,57.838066,107220150
11-10-2021,130.5,132.735001,129.800003,131.320007,58.373711,63496580
12-10-2021,131.320007,133.5,130.5,132.910004,59.080486,60970190
13-10-2021,132.550003,137.654999,131.804993,135.429993,60.200657,132857180
14-10-2021,137.399994,139.059998,135.399994,137.505005,61.123032,82273710
18-10-2021,141.800003,142.475006,139.110001,141.104996,62.723282,109232300
19-10-2021,142.100006,142.654999,135.755005,136.690002,60.76075,87569240
20-10-2021,137.199997,137.600006,132.664993,134.330002,59.711697,69757740
21-10-2021,135.669998,135.785004,128.970001,131.470001,58.440384,83575730
22-10-2021,132,132.464996,127.099998,129.625,57.620251,80712890
25-10-2021,130.199997,131.600006,126.724998,129.330002,57.48912,64185010
26-10-2021,130.300003,135.100006,130.145004,134.365005,59.727253,77228750
27-10-2021,134.600006,135.169998,132.125,132.615005,58.949352,72418040
28-10-2021,131.490005,131.595001,129.110001,129.960007,57.769169,93076820
29-10-2021,129.024994,133.369995,129,131.595001,58.495949,79147600
01-11-2021,134,137.289993,133,136.490005,60.671848,96875330
02-11-2021,137,137,131.080002,131.365005,58.393711,72161370
03-11-2021,132.479996,133.199997,131.199997,132.604996,58.944904,57302440
04-11-2021,133.100006,133.5,132.410004,132.589996,58.938236,6744340
08-11-2021,134.089996,134.764999,130.610001,134.324997,59.709473,54936670
09-11-2021,134.285004,136.029999,132.884995,133.595001,59.384975,47565160
10-11-2021,132.800003,132.899994,128.710007,129.854996,57.722488,118804170
11-11-2021,130.490005,132.449997,128.835007,129.960007,57.769169,136638600
12-11-2021,134,134,127.110001,128.725006,57.220188,232395580
15-11-2021,129.5,129.899994,124.150002,124.544998,55.362114,121082150
16-11-2021,124.544998,126.105003,122.370003,122.879997,54.621994,123148800
17-11-2021,122.5,123.739998,121.510002,122.004997,54.233047,87802040
18-11-2021,122.360001,122.830002,118.199997,118.660004,52.746147,101083510
22-11-2021,118.809998,119.68,114.599998,116.504997,51.788216,96210010
23-11-2021,116.805,120.900002,116.514999,119.205002,52.988407,93829630
24-11-2021,120.040001,120.294998,117.114998,117.849998,52.386089,67671010
25-11-2021,118,118.660004,116.599998,117.364998,52.170498,47502860
26-11-2021,115.790001,115.949997,110.625,111.230003,49.443401,106455260
29-11-2021,111.230003,113.699997,107.504997,111.474998,49.552303,93929910
30-11-2021,111.095001,112.790001,106.300003,107.120003,47.616444,133559840
01-12-2021,109.199997,109.699997,106.650002,108.254997,48.120968,93791140
02-12-2021,108.300003,111.599998,107.400002,111.239998,49.447845,91286810
03-12-2021,111.5,113.419998,110.224998,111.800003,49.696774,100737840
06-12-2021,111.400002,114.099998,110.220001,110.879997,49.287819,82159400
07-12-2021,112.110001,115.555,112.099998,114.879997,51.065876,85053900
08-12-2021,115.900002,117.699997,114.900002,117.300003,52.141605,74485010
09-12-2021,118.199997,118.199997,115.900002,117.684998,52.31274,52123940
10-12-2021,117.345001,118.889999,116.760002,118,52.452766,48121300
13-12-2021,118.800003,119.900002,116.165001,116.529999,51.799328,53537780
14-12-2021,115.894997,117.790001,114.699997,116.720001,51.883785,53522640
15-12-2021,117.004997,117.559998,114.900002,115.404999,51.299248,44308330
16-12-2021,116.400002,116.879997,114.355003,115.32,51.261467,42460080
17-12-2021,115.400002,115.885002,112.5,113.209999,50.32354,47435020
20-12-2021,111.699997,111.720001,106.605003,107.294998,47.694233,73526500
21-12-2021,109,112.425003,108.5,110.510002,49.123348,70268490
22-12-2021,111.5,113.099998,111,112.885002,50.179073,43669170
23-12-2021,113.800003,114.68,112.019997,112.764999,50.125729,46214780
24-12-2021,113.004997,113.345001,110.385002,111.544998,49.58342,40936300
27-12-2021,111.105003,112.470001,110.235001,112.18,49.865688,27588510
28-12-2021,112.699997,113.150002,112.199997,112.745003,50.11684,28807810
29-12-2021,112,112.665001,110.800003,111.625,49.61898,41935200
30-12-2021,111.790001,112.699997,109.900002,110.099998,48.941097,41140930
31-12-2021,110.5,112.349998,110.264999,111.144997,49.405613,36870210
03-01-2022,111.5,115.099998,111.5,114.245003,50.783611,38658030
04-01-2022,115.300003,115.970001,113.650002,114.879997,51.065876,59757310
05-01-2022,114.699997,118.080002,114.125,117.760002,52.346085,61861760
06-01-2022,117.199997,118.300003,115.555,116.324997,51.708202,53354000
07-01-2022,116.519997,117.400002,114.785004,116.035004,51.579296,39738570
10-01-2022,116.5,117.339996,115.385002,116.904999,51.966022,38225000
11-01-2022,115.864998,116.269997,111.300003,113.025002,50.241302,96978850
12-01-2022,113.985001,115.080002,113.239998,114.720001,50.994755,50358430
13-01-2022,115.400002,122.550003,115.214996,122.114998,54.281944,157231160
14-01-2022,121.300003,122.629997,120.610001,121.360001,53.946339,52679070
17-01-2022,121.5,124.5,119.035004,122.974998,54.664227,89696070
18-01-2022,123,123.375,119,119.485001,53.112869,58408970
19-01-2022,119.599998,122.089996,118.300003,120.959999,53.768528,73043210
20-01-2022,121.010002,122.400002,119.699997,120.669998,53.639618,59205970
21-01-2022,120,120.43,115.635002,116.970001,51.994915,71662670
24-01-2022,116,116.364998,109,109.919998,48.861084,83920760
25-01-2022,109.470001,112.099998,108.705002,110.910004,49.301155,57330630
27-01-2022,109,110.345001,106.129997,108.834999,48.378784,90566560
28-01-2022,110.584999,112.574997,108.095001,108.464996,48.214314,78648930
31-01-2022,110.989998,111.459999,108.050003,108.555,48.254322,55709390
01-02-2022,110.489998,117.445,108.639999,116.735001,51.890457,170752680
02-02-2022,117.989998,117.989998,115.830002,116.75,51.897121,75247340
03-02-2022,115.300003,118.169998,114.629997,116.660004,51.857117,65140900
04-02-2022,117.379997,119.775002,117.025002,117.629997,52.288292,93174180
07-02-2022,116.830002,121.459999,116.099998,118.300003,52.586121,145105250
08-02-2022,119.5,122.239998,117.150002,121.959999,54.213043,140839840
09-02-2022,123.099998,123.400002,120.815002,122.235001,54.335285,73520600
10-02-2022,123,125.425003,122.599998,124.834999,55.491024,93920570
11-02-2022,123.900002,126.495003,123.309998,125.445,55.762177,96762260
14-02-2022,122.010002,122.775002,118.010002,118.684998,52.757259,80216130
15-02-2022,119.684998,121.199997,115.154999,120.775002,53.686295,101889210
16-02-2022,121.5,121.790001,118.650002,119.18,52.977291,66092140
17-02-2022,120.110001,120.949997,118.614998,119.095001,52.93951,56557920
18-02-2022,118.699997,120.5,118.300003,119.080002,52.932842,47251200
21-02-2022,118.800003,120.199997,117.440002,118.184998,52.535,49787320
22-02-2022,115.800003,116.665001,111.925003,113.870003,50.61692,93858570
23-02-2022,114.800003,115.260002,113.400002,113.900002,50.630253,49608380
24-02-2022,109.400002,111.995003,106.709999,107.400002,47.74091,121268670
25-02-2022,109.769997,115.07,109.559998,114.535004,50.912525,92128860
28-02-2022,113.400002,122.5,112.919998,122.074997,54.264164,176054460
02-03-2022,122.074997,129.960007,121.855003,128.934998,57.313534,248475320
03-03-2022,130.600006,132.865005,129.365005,130.330002,57.933636,174503380
04-03-2022,130.240005,131.985001,127.300003,127.709999,56.769009,162829230
07-03-2022,127.589996,130.179993,126.400002,129.190002,57.426891,110400010
08-03-2022,129.300003,129.399994,124.400002,126.949997,56.431171,91078220
09-03-2022,127.389999,127.68,124.860001,125.535004,55.802185,69348880
10-03-2022,125.785004,131.380005,124.099998,130.869995,58.173672,136740620
11-03-2022,131.5,133.990005,129.619995,130.169998,57.862514,118822990
14-03-2022,130.5,131.169998,127.769997,129.699997,57.653591,52780820
15-03-2022,129.179993,129.300003,122.800003,123.375,54.842033,96143130
16-03-2022,124.5,127.120003,124.019997,126.525002,56.242256,63024510
17-03-2022,127.5,131.779999,127.110001,130.345001,57.940304,106239760
21-03-2022,130.800003,133.399994,129.449997,130.294998,57.918076,84227630
22-03-2022,132,133,128.804993,130.199997,57.875847,81795880
23-03-2022,132.399994,134.779999,129.235001,133.100006,59.164944,130552380
24-03-2022,133.095001,135.949997,132.595001,135.054993,60.033966,94605270
25-03-2022,135.490005,136.600006,133.354996,133.895004,59.518333,69457440
28-03-2022,134,135.5,132.759995,133.895004,59.518333,46554910
29-03-2022,134.399994,134.615005,132.699997,133.464996,59.327187,43202370
30-03-2022,133.5,133.554993,130,130.804993,58.144775,58483160
31-03-2022,130.800003,132.044998,130.009995,130.720001,58.106995,40067950
01-04-2022,131,134.089996,130.544998,131.710007,58.547066,55321590
04-04-2022,131.710007,135.399994,131.445007,134.190002,59.649464,69670320
05-04-2022,134.845001,135.800003,132.925003,134.490005,59.782818,63296420
06-04-2022,135,138.669998,134.679993,137.074997,60.931885,114097540
07-04-2022,137.699997,138.100006,134.100006,134.949997,59.987293,55650640
08-04-2022,136.095001,137.994995,135.625,137.074997,60.931885,52287710
11-04-2022,137.070007,138.399994,135.300003,135.789993,60.360683,44778820
12-04-2022,135.300003,135.994995,129.610001,132.024994,58.687084,69191680
13-04-2022,133.494995,134.600006,131.5,131.949997,58.653748,44937800
18-04-2022,133.190002,135.804993,132.884995,133.910004,59.524998,80700420
19-04-2022,135.259995,136.664993,130.899994,132.660004,58.969357,64772190
20-04-2022,132.970001,133.645004,130.304993,131.425003,58.42038,54100210
21-04-2022,131.600006,132.274994,128.585007,130.214996,57.882515,66690280
22-04-2022,130.160004,131.154999,127.375,127.754997,56.789009,55848230
25-04-2022,125,126.294998,121.279999,122.035004,54.246387,72310460
26-04-2022,123.5,124.169998,122.5,123.360001,54.835365,44812710
27-04-2022,122.699997,125.5,121.040001,124.669998,55.417679,71209740
28-04-2022,125.949997,126.864998,124.300003,126.084999,56.046669,51295830
29-04-2022,126.800003,129.169998,126.565002,127.105003,56.500076,57173520
02-05-2022,125.699997,130.274994,124.875,129.520004,57.573582,54426170
04-05-2022,132.729996,133,125.449997,126.135002,56.068897,138374020
05-05-2022,128,131.649994,127.800003,128.425003,57.086838,87338160
06-05-2022,126.800003,129,124.300003,128.369995,57.062386,69256760
09-05-2022,126,127.419998,124.400002,125.224998,55.664387,50552970
10-05-2022,125.099998,125.464996,115.855003,116.489998,51.781548,145537420
11-05-2022,117.5,119.089996,112.339996,116.57,51.817108,107063150
12-05-2022,115.690002,116.239998,110.300003,111.769997,49.683434,94191610
13-05-2022,113.5,115.18,109.199997,109.699997,48.76329,82924410
16-05-2022,111.900002,113.480003,109.400002,110.349998,49.052227,62665270
17-05-2022,112.400002,119.720001,111.535004,118.870003,52.839493,112876010
18-05-2022,119.699997,120.900002,117.5,118.025002,52.463879,81575800
19-05-2022,115.099998,115.489998,111.519997,112.214996,49.881245,66545630
20-05-2022,116.235001,117.839996,114.120003,117.059998,52.03492,65527500
23-05-2022,109.699997,109.699997,100.154999,102.294998,45.471657,273883460
24-05-2022,103.099998,103.989998,100.199997,100.635002,44.733765,123116660
25-05-2022,100.635002,101.834999,99.18,99.910004,44.411491,99343400
26-05-2022,100.699997,106.754997,99.525002,105.199997,46.762974,150536730
27-05-2022,106.25,106.764999,103.199997,104.349998,46.385136,74772200
30-05-2022,105.900002,106.379997,104.349998,104.745003,46.560722,72701590
31-05-2022,104.5,107.190002,103.699997,105.565002,46.925224,121248850
01-06-2022,106.550003,107.900002,105.330002,106.355003,47.276394,94055290
02-06-2022,106.775002,108.474998,105.910004,108.154999,48.076515,79177040
03-06-2022,109.199997,109.279999,106.5,106.730003,47.443085,53954860
06-06-2022,106.5,108.290001,104.919998,107.809998,47.923157,57262490
07-06-2022,106.699997,108.150002,106.355003,106.849998,47.496422,43341570
08-06-2022,108.099998,108.889999,107.404999,108.675003,48.307667,64734340
09-06-2022,107.495003,108.724998,104.120003,104.485001,46.445148,98547810
10-06-2022,103,103.139999,101.065002,102.370003,45.504997,95225630
13-06-2022,100.43,101.199997,99,99.195,44.093662,82235750
14-06-2022,98.824997,101.370003,98.555,99.614998,44.280357,77202600
15-06-2022,95.394997,97.425003,95.065002,95.955002,44.955002,92443330
16-06-2022,97.5,97.5,89.82,90.169998,90.169998,122741050
17-06-2022,89.800003,92.739998,89.550003,90.669998,90.669998,121290260
20-06-2022,90.5,90.5,84.264999,86.139999,86.139999,139866890
21-06-2022,87.5,89.550003,86.400002,88.480003,88.480003,124526970
22-06-2022,87.294998,87.385002,83.57,83.809998,83.809998,109877390
23-06-2022,84,85.595001,82.699997,84.129997,84.129997,111515840
24-06-2022,85,86.474998,84.464996,85.285004,85.285004,85433810
27-06-2022,87.050003,87.885002,86.305,86.785004,86.785004,72814730
28-06-2022,86.599998,88.440002,86.040001,87.889999,87.889999,84647330
29-06-2022,87,88.879997,86.849998,88.160004,88.160004,72318470
30-06-2022,88.150002,89.449997,86.330002,86.705002,86.705002,84672090
01-07-2022,86.695,87.5,85.910004,87.285004,87.285004,54761890
04-07-2022,86.849998,87.120003,84.330002,85.455002,85.455002,77554410
05-07-2022,86.199997,87.919998,85.779999,86.014999,86.014999,79058290
06-07-2022,85.845001,86.110001,83.805,85.815002,85.815002,81439710
07-07-2022,86.699997,90.654999,85.849998,90,90,111007940
08-07-2022,91.790001,91.790001,88.050003,88.589996,88.589996,112000630
11-07-2022,88.519997,92.900002,87.504997,91.275002,91.275002,150193340
12-07-2022,90.489998,91.595001,89.360001,90.209999,90.209999,100175050
13-07-2022,90.595001,91.419998,90.065002,90.485001,90.485001,70135110
14-07-2022,91,91.099998,89.5,90.800003,90.800003,74498580
15-07-2022,90.5,91.029999,87.75,88.379997,88.379997,81253510
18-07-2022,89.699997,90.800003,89.224998,90.43,90.43,73060810
19-07-2022,90.099998,92.190002,90.099998,91.945,91.945,85341580
20-07-2022,93.595001,93.800003,92.519997,92.845001,92.845001,77088650
21-07-2022,93,93.885002,92.449997,93.43,93.43,50877140
22-07-2022,94.25,94.400002,93.199997,93.605003,93.605003,48608940
25-07-2022,93.5,96.485001,93.360001,96.07,96.07,99635630
26-07-2022,97.199997,97.669998,94.605003,94.949997,94.949997,126264690
27-07-2022,95.099998,96.154999,94.360001,95.940002,95.940002,52559020
28-07-2022,98.099998,102,97.150002,100.349998,100.349998,137156107
29-07-2022,103,109.300003,102.150002,107.599998,107.599998,166959934
01-08-2022,110.5,111.449997,106.150002,108.25,108.25,125365761
02-08-2022,108,108,105.349998,107,107,64935371
03-08-2022,107,108.449997,106,107.050003,107.050003,61428846
04-08-2022,107.5,109.5,106.050003,107.699997,107.699997,79526154
05-08-2022,107.650002,109.25,107.099998,107.349998,107.349998,54469112
08-08-2022,107.849998,108.150002,106.699997,107.199997,107.199997,41384943
10-08-2022,107.900002,109.900002,106.5,109.199997,109.199997,73880698
11-08-2022,110.300003,110.650002,108.599998,109.099998,109.099998,75321498
12-08-2022,109.349998,112.900002,108.800003,112.650002,112.650002,95942333
16-08-2022,113.699997,113.699997,111.099998,113,113,69207437
17-08-2022,113.5,113.5,112.25,112.5,112.5,54008422
18-08-2022,112.5,113,111.400002,112.550003,112.550003,49396425
19-08-2022,112.550003,112.900002,109.550003,110.050003,110.050003,57134813
22-08-2022,109.5,109.599998,104.699997,105.050003,105.050003,74037526
23-08-2022,104.199997,108.25,103.5,107.599998,107.599998,70531639
24-08-2022,107.550003,108.150002,105.75,106.550003,106.550003,55686404
25-08-2022,107.050003,107.900002,105.75,106.25,106.25,42186335
26-08-2022,107.25,109.199997,107.099998,107.349998,107.349998,71257092
29-08-2022,104.050003,105.650002,103.25,104.849998,104.849998,59895805
30-08-2022,106.5,108.5,106.050003,108.300003,108.300003,67401780
01-09-2022,107,107.75,105.900002,106.400002,106.400002,52454732
02-09-2022,107,107,105,105.5,105.5,45601352
05-09-2022,106.050003,107.300003,105.800003,106.900002,106.900002,40352735
06-09-2022,107.400002,108.800003,106.050003,108.599998,108.599998,59505849
07-09-2022,107.550003,108.900002,107.099998,107.599998,107.599998,43945660
08-09-2022,108.400002,108.400002,105.349998,105.849998,105.849998,71228405
09-09-2022,107,107.349998,105.5,105.699997,105.699997,63647166
12-09-2022,106.800003,107.949997,106.5,107.75,107.75,40838533
13-09-2022,108,108.699997,107.550003,107.75,107.75,44179394
14-09-2022,106.300003,110.400002,105.800003,109.150002,109.150002,86379872
15-09-2022,108.650002,109,106.5,107,107,62926791
16-09-2022,106.199997,107.5,105,105.699997,105.699997,107967267
19-09-2022,106.199997,106.199997,103,103.099998,103.099998,51146568
20-09-2022,104.199997,106.349998,104,105.800003,105.800003,52140254
21-09-2022,105.800003,107.199997,104.300003,104.449997,104.449997,46142823
22-09-2022,104.449997,105.300003,103.5,103.599998,103.599998,61380323
23-09-2022,106.199997,107.900002,103.75,104.300003,104.300003,109765520
26-09-2022,104.400002,104.449997,98.5,99.849998,99.849998,101291962
27-09-2022,101.349998,101.349998,96.5,97.650002,97.650002,104949032
28-09-2022,96.550003,97.849998,95,95.199997,95.199997,71724106
29-09-2022,97,98.25,96.400002,96.849998,96.849998,60884592
30-09-2022,96.849998,100.400002,95.699997,99.300003,99.300003,66436616
03-10-2022,99.599998,99.650002,98,98.349998,98.349998,37282313
04-10-2022,100.300003,101.5,100,101.150002,101.150002,40186702
06-10-2022,102,103.800003,101.75,103.550003,103.550003,48169310
07-10-2022,103.300003,103.5,101.900002,103.300003,103.300003,36080875
10-10-2022,102,103.5,101.150002,103.199997,103.199997,36641275
11-10-2022,103.550003,103.650002,99.800003,100.349998,100.349998,41083734
12-10-2022,100.349998,101.199997,99,100.550003,100.550003,41357469
13-10-2022,101.099998,101.800003,98.800003,100.099998,100.099998,34668093
14-10-2022,101.849998,102.800003,99.900002,100.099998,100.099998,32456805
17-10-2022,99.75,100.400002,98.099998,99.550003,99.550003,37568783
18-10-2022,100.300003,101,99.800003,100.650002,100.650002,30722156
19-10-2022,100.599998,101.25,99.699997,100.050003,100.050003,38764542
20-10-2022,99.5,101.199997,98.800003,100.900002,100.900002,38091315
21-10-2022,100.849998,101.449997,99.349998,100.199997,100.199997,30973997
24-10-2022,102,102.099998,101,101.199997,101.199997,7480281
25-10-2022,101.150002,102.5,100.699997,101.199997,101.199997,37163180
27-10-2022,102.25,104.650002,102.050003,104.199997,104.199997,74349009
28-10-2022,104.099998,104.599998,100.800003,101.599998,101.599998,51006232
31-10-2022,101.900002,102.150002,100.300003,101.550003,101.550003,38715841
01-11-2022,98.550003,101.449997,98.550003,101.199997,101.199997,69031178
02-11-2022,101,103,100.800003,101.25,101.25,42336049
03-11-2022,100.75,102.449997,100,102,102,39110676
04-11-2022,102.5,105,102.199997,104.75,104.75,70299020
07-11-2022,105.900002,107.449997,104.599998,106.699997,106.699997,74426059
09-11-2022,107.25,107.550003,105.550003,106.099998,106.099998,38295904
10-11-2022,105.199997,106,104.449997,104.699997,104.699997,27864285
11-11-2022,106.25,108.199997,106.25,107.550003,107.550003,77933417
14-11-2022,108.5,110,108.25,108.699997,108.699997,55474425
15-11-2022,109,109.349998,107.199997,108.550003,108.550003,35007427
16-11-2022,108.449997,108.800003,105.199997,106.550003,106.550003,40404167
17-11-2022,105.900002,106.800003,104.5,105.849998,105.849998,32894825
18-11-2022,105.849998,106.300003,104.699997,105.5,105.5,28992538
21-11-2022,107.699997,107.699997,103.849998,104.25,104.25,58404309
22-11-2022,104.400002,105.400002,103.550003,105.199997,105.199997,27846186
23-11-2022,105.699997,106,104.949997,105.449997,105.449997,22809651
24-11-2022,105.849998,105.949997,104.599998,105.5,105.5,23737867
25-11-2022,105.599998,106.5,105.099998,106.199997,106.199997,27361785
28-11-2022,106,106.400002,104.5,104.900002,104.900002,33516118
29-11-2022,105,107.650002,104.949997,106.099998,106.099998,40661568
30-11-2022,106.099998,107.949997,105.900002,107.650002,107.650002,61142050
01-12-2022,108.699997,111.300003,108,110.75,110.75,91702642
02-12-2022,110.800003,112.5,110.150002,112,112,70541914
05-12-2022,113.300003,116.099998,112.650002,115.849998,115.849998,96441799
06-12-2022,115.349998,115.349998,112.25,112.949997,112.949997,50581245
07-12-2022,113.400002,113.5,110.849998,111.199997,111.199997,39494279
08-12-2022,111.75,113,110.800003,111.849998,111.849998,32416724
09-12-2022,112.800003,113.75,109.699997,110.449997,110.449997,35665257
12-12-2022,110.199997,112.099998,108.699997,111.699997,111.699997,37082389
13-12-2022,112.550003,112.849998,110.800003,111.199997,111.199997,32264080
14-12-2022,111.599998,113.199997,111.099998,113.050003,113.050003,38606984
15-12-2022,112.650002,113.449997,110.699997,110.949997,110.949997,34361613
16-12-2022,110.349998,112.099998,109.449997,111.050003,111.050003,34736665
19-12-2022,111.050003,112.099998,110.800003,111.800003,111.800003,17297590
20-12-2022,111.150002,111.5,109,110.949997,110.949997,34836506
21-12-2022,111.800003,112,108.699997,109.400002,109.400002,32303565
22-12-2022,110,110.599998,106.349998,107.650002,107.650002,39639329
23-12-2022,106,106.75,101.949997,102.25,102.25,46756489
26-12-2022,102.800003,105.550003,101.650002,105,105,33995681
27-12-2022,106.650002,111.550003,105.849998,111.150002,111.150002,76033410
28-12-2022,111.050003,112.300003,109.699997,110,110,50660601
29-12-2022,109,112,108.849998,111.75,111.75,51751642
30-12-2022,112.900002,114.75,112.099998,112.650002,112.650002,56048485
02-01-2023,114.400002,119.699997,113.75,119.25,119.25,143444095
03-01-2023,119.800003,120.5,117.75,118.449997,118.449997,74419090
04-01-2023,118.75,119.050003,115.349998,115.75,115.75,55634568
05-01-2023,116.5,117,114.5,116.550003,116.550003,58806907
06-01-2023,117,117.849998,115.25,115.650002,115.650002,58551863
09-01-2023,116.900002,118.099998,116.550003,117.550003,117.550003,37763131
10-01-2023,117.650002,119.75,117.550003,118.849998,118.849998,56750710
11-01-2023,119.449997,120.349998,118,118.849998,118.849998,49321252
12-01-2023,118.949997,119.25,117.599998,118.099998,118.099998,33740024
